[
{
  "model": "phmi.activity",
  "pk": 1,
  "fields": {
    "activity_category": 1,
    "name": "Interacting with own personal health and care record",
    "slug": "interacting-with-own-personal-health-and-care-reco",
    "duty_of_confidence": ""
  }
},
{
  "model": "phmi.activity",
  "pk": 2,
  "fields": {
    "activity_category": 1,
    "name": "Updating individual health record from various data sources (including mobiles devices, wearables)",
    "slug": "updating-individual-health-record-from-various-dat",
    "duty_of_confidence": ""
  }
},
{
  "model": "phmi.activity",
  "pk": 3,
  "fields": {
    "activity_category": 1,
    "name": "Transferring information when service users and care providers are separated in time and/or space",
    "slug": "transferring-information-when-service-users-and-ca",
    "duty_of_confidence": ""
  }
},
{
  "model": "phmi.activity",
  "pk": 4,
  "fields": {
    "activity_category": 1,
    "name": "Enabling participation in prevention and health coaching initiatives, receiving feedback and peer-support",
    "slug": "enabling-participation-in-prevention-and-health-co",
    "duty_of_confidence": ""
  }
},
{
  "model": "phmi.activity",
  "pk": 5,
  "fields": {
    "activity_category": 1,
    "name": "Enabling service users to manage and utilise a personal health budget",
    "slug": "enabling-service-users-to-manage-and-utilise-a-per",
    "duty_of_confidence": ""
  }
},
{
  "model": "phmi.activity",
  "pk": 6,
  "fields": {
    "activity_category": 1,
    "name": "Enabling service users to access tools (e.g. appointment booking and reminders, ordering prescriptions etc.)",
    "slug": "enabling-service-users-to-access-tools-eg-appointm",
    "duty_of_confidence": ""
  }
},
{
  "model": "phmi.activity",
  "pk": 7,
  "fields": {
    "activity_category": 1,
    "name": "Enabling service users to consume personalised health education information",
    "slug": "enabling-service-users-to-consume-personalised-hea",
    "duty_of_confidence": ""
  }
},
{
  "model": "phmi.activity",
  "pk": 8,
  "fields": {
    "activity_category": 2,
    "name": "Providing personalised health education materials for individual service users",
    "slug": "providing-personalised-health-education-materials-",
    "duty_of_confidence": ""
  }
},
{
  "model": "phmi.activity",
  "pk": 9,
  "fields": {
    "activity_category": 2,
    "name": "Enabling care professionals to interact (read/write) with organisational electronic care record system, as part of direct care delivery",
    "slug": "enabling-care-professionals-to-interact-readwrite-",
    "duty_of_confidence": ""
  }
},
{
  "model": "phmi.activity",
  "pk": 10,
  "fields": {
    "activity_category": 2,
    "name": "Enabling care professinals to interact (read) with Shared Care Record, as part of direct care delivery",
    "slug": "enabling-care-professinals-to-interact-read-with-s",
    "duty_of_confidence": ""
  }
},
{
  "model": "phmi.activity",
  "pk": 11,
  "fields": {
    "activity_category": 2,
    "name": "Enabling care professionals to utilise real-time clinical decision support tools to provide care to service users",
    "slug": "enabling-care-professionals-to-utilise-real-time-c",
    "duty_of_confidence": ""
  }
},
{
  "model": "phmi.activity",
  "pk": 12,
  "fields": {
    "activity_category": 2,
    "name": "Enabling transfer of information to care professionals in other providers as part of transfer of care",
    "slug": "enabling-transfer-of-information-to-care-professio",
    "duty_of_confidence": ""
  }
},
{
  "model": "phmi.activity",
  "pk": 13,
  "fields": {
    "activity_category": 2,
    "name": "Enrolling individuals into prevention and health coaching initiatives and providing feedback",
    "slug": "enrolling-individuals-into-prevention-and-health-c",
    "duty_of_confidence": ""
  }
},
{
  "model": "phmi.activity",
  "pk": 14,
  "fields": {
    "activity_category": 3,
    "name": "Systematically selecting impactible individuals within risk-stratified population cohorts for early intervention or prevention",
    "slug": "systematically-selecting-impactible-individuals-wi",
    "duty_of_confidence": ""
  }
},
{
  "model": "phmi.activity",
  "pk": 15,
  "fields": {
    "activity_category": 3,
    "name": "Managing customised care plans for individuals",
    "slug": "managing-customised-care-plans-for-individuals",
    "duty_of_confidence": ""
  }
},
{
  "model": "phmi.activity",
  "pk": 16,
  "fields": {
    "activity_category": 3,
    "name": "Managing care professional caseload within and across provider organisations",
    "slug": "managing-care-professional-caseload-within-and-acr",
    "duty_of_confidence": ""
  }
},
{
  "model": "phmi.activity",
  "pk": 17,
  "fields": {
    "activity_category": 3,
    "name": "Modifying service user flow algorithms",
    "slug": "modifying-service-user-flow-algorithms",
    "duty_of_confidence": ""
  }
},
{
  "model": "phmi.activity",
  "pk": 18,
  "fields": {
    "activity_category": 3,
    "name": "Identifying risk strata within service user flows",
    "slug": "identifying-risk-strata-within-service-user-flows",
    "duty_of_confidence": ""
  }
},
{
  "model": "phmi.activity",
  "pk": 19,
  "fields": {
    "activity_category": 3,
    "name": "Optimising service user flow, managing , demand, risk strata and service capacity, within and across providers",
    "slug": "optimising-service-user-flow-managing-demand-risk-",
    "duty_of_confidence": ""
  }
},
{
  "model": "phmi.activity",
  "pk": 20,
  "fields": {
    "activity_category": 3,
    "name": "Tailoring personal care approaches based on genetic, environmental, and lifestyle factors",
    "slug": "tailoring-personal-care-approaches-based-on-geneti",
    "duty_of_confidence": ""
  }
},
{
  "model": "phmi.activity",
  "pk": 21,
  "fields": {
    "activity_category": 4,
    "name": "Allocating risk scores and stratifying populations for specified future adverse events causing poor health outcomes to individuals",
    "slug": "allocating-risk-scores-and-stratifying-populations",
    "duty_of_confidence": ""
  }
},
{
  "model": "phmi.activity",
  "pk": 22,
  "fields": {
    "activity_category": 4,
    "name": "Identifying individuals and groups within risk-stratified cohorts on which interventions will have the greatest impact",
    "slug": "identifying-individuals-and-groups-within-risk-str",
    "duty_of_confidence": ""
  }
},
{
  "model": "phmi.activity",
  "pk": 23,
  "fields": {
    "activity_category": 5,
    "name": "Managing quality of health and care services (including clinical audit)",
    "slug": "managing-quality-of-health-and-care-services-inclu",
    "duty_of_confidence": ""
  }
},
{
  "model": "phmi.activity",
  "pk": 24,
  "fields": {
    "activity_category": 5,
    "name": "Monitoring and evaluating effectiveness of care co-ordination processes",
    "slug": "monitoring-and-evaluating-effectiveness-of-care-co",
    "duty_of_confidence": ""
  }
},
{
  "model": "phmi.activity",
  "pk": 25,
  "fields": {
    "activity_category": 5,
    "name": "Monitoring and evaluating effectiveness of citizen-activation/empowerment processes",
    "slug": "monitoring-and-evaluating-effectiveness-of-citizen",
    "duty_of_confidence": ""
  }
},
{
  "model": "phmi.activity",
  "pk": 26,
  "fields": {
    "activity_category": 5,
    "name": "Monitoring service utilisation, pathway compliance, citizen experience and outcomes",
    "slug": "monitoring-service-utilisation-pathway-compliance-",
    "duty_of_confidence": ""
  }
},
{
  "model": "phmi.activity",
  "pk": 27,
  "fields": {
    "activity_category": 5,
    "name": "Supporting budget planning, management and reporting",
    "slug": "supporting-budget-planning-management-and-reportin",
    "duty_of_confidence": ""
  }
},
{
  "model": "phmi.activity",
  "pk": 28,
  "fields": {
    "activity_category": 5,
    "name": "Calculating and monitoring financial allocations",
    "slug": "calculating-and-monitoring-financial-allocations",
    "duty_of_confidence": ""
  }
},
{
  "model": "phmi.activity",
  "pk": 29,
  "fields": {
    "activity_category": 5,
    "name": "Monitoring activity and cost compliance against contract and agreed plans",
    "slug": "monitoring-activity-and-cost-compliance-against-co",
    "duty_of_confidence": ""
  }
},
{
  "model": "phmi.activity",
  "pk": 30,
  "fields": {
    "activity_category": 5,
    "name": "Comparing provider quality, demand, experience and service user outcomes against contract and agreed plans",
    "slug": "comparing-provider-quality-demand-experience-and-s",
    "duty_of_confidence": ""
  }
},
{
  "model": "phmi.activity",
  "pk": 31,
  "fields": {
    "activity_category": 5,
    "name": "Improving provider data quality",
    "slug": "improving-provider-data-quality",
    "duty_of_confidence": ""
  }
},
{
  "model": "phmi.activity",
  "pk": 32,
  "fields": {
    "activity_category": 5,
    "name": "Comparing performance and managing variation across care professionals, services, providers, systems",
    "slug": "comparing-performance-and-managing-variation-acros",
    "duty_of_confidence": ""
  }
},
{
  "model": "phmi.activity",
  "pk": 33,
  "fields": {
    "activity_category": 5,
    "name": "Ensuring compliance with evidence and guidance",
    "slug": "ensuring-compliance-with-evidence-and-guidance",
    "duty_of_confidence": ""
  }
},
{
  "model": "phmi.activity",
  "pk": 34,
  "fields": {
    "activity_category": 5,
    "name": "Maximising services and outcomes within financial envelopes within and across providers",
    "slug": "maximising-services-and-outcomes-within-financial-",
    "duty_of_confidence": ""
  }
},
{
  "model": "phmi.activity",
  "pk": 35,
  "fields": {
    "activity_category": 5,
    "name": "Supporting benchmarking, comparisons, regulation and assurance at all levels of the health and care system",
    "slug": "supporting-benchmarking-comparisons-regulation-and",
    "duty_of_confidence": ""
  }
},
{
  "model": "phmi.activity",
  "pk": 36,
  "fields": {
    "activity_category": 5,
    "name": "Producing regulatory compliance reports",
    "slug": "producing-regulatory-compliance-reports",
    "duty_of_confidence": ""
  }
},
{
  "model": "phmi.activity",
  "pk": 37,
  "fields": {
    "activity_category": 6,
    "name": "Reviewing, evaluating and transforming current health and care service provision across and within populations",
    "slug": "reviewing-evaluating-and-transforming-current-heal",
    "duty_of_confidence": ""
  }
},
{
  "model": "phmi.activity",
  "pk": 38,
  "fields": {
    "activity_category": 6,
    "name": "Understanding how health and care services impact on the health of populations",
    "slug": "understanding-how-health-and-care-services-impact-",
    "duty_of_confidence": ""
  }
},
{
  "model": "phmi.activity",
  "pk": 39,
  "fields": {
    "activity_category": 6,
    "name": "Understanding the impact of wider determinants of health on populations",
    "slug": "understanding-the-impact-of-wider-determinants-of-",
    "duty_of_confidence": ""
  }
},
{
  "model": "phmi.activity",
  "pk": 40,
  "fields": {
    "activity_category": 6,
    "name": "Defining and identifying relevant segments and cohorts within populations driving cost, utilisation and quality challenges including: health inequality groups, preventable and existing conditions and gaps in care",
    "slug": "defining-and-identifying-relevant-segments-and-coh",
    "duty_of_confidence": ""
  }
},
{
  "model": "phmi.activity",
  "pk": 41,
  "fields": {
    "activity_category": 6,
    "name": "Comparing population groups, peers, national and international best practice",
    "slug": "comparing-population-groups-peers-national-and-int",
    "duty_of_confidence": ""
  }
},
{
  "model": "phmi.activity",
  "pk": 42,
  "fields": {
    "activity_category": 6,
    "name": "Designing and evaluating effective risk stratification approaches",
    "slug": "designing-and-evaluating-effective-risk-stratifica",
    "duty_of_confidence": ""
  }
},
{
  "model": "phmi.activity",
  "pk": 43,
  "fields": {
    "activity_category": 6,
    "name": "Identifying future population needs, spend, growth and drivers for change",
    "slug": "identifying-future-population-needs-spend-growth-a",
    "duty_of_confidence": ""
  }
},
{
  "model": "phmi.activity",
  "pk": 44,
  "fields": {
    "activity_category": 7,
    "name": "Identifying and managing research cohorts",
    "slug": "identifying-and-managing-research-cohorts",
    "duty_of_confidence": ""
  }
},
{
  "model": "phmi.activity",
  "pk": 45,
  "fields": {
    "activity_category": 7,
    "name": "Generating and disseminating research reports",
    "slug": "generating-and-disseminating-research-reports",
    "duty_of_confidence": ""
  }
},
{
  "model": "phmi.activity",
  "pk": 46,
  "fields": {
    "activity_category": 7,
    "name": "Targeting sites for research studies",
    "slug": "targeting-sites-for-research-studies",
    "duty_of_confidence": ""
  }
},
{
  "model": "phmi.activity",
  "pk": 47,
  "fields": {
    "activity_category": 7,
    "name": "Data-driven study planning",
    "slug": "data-driven-study-planning",
    "duty_of_confidence": ""
  }
},
{
  "model": "phmi.activity",
  "pk": 48,
  "fields": {
    "activity_category": 7,
    "name": "Conducting retrospective database studies",
    "slug": "conducting-retrospective-database-studies",
    "duty_of_confidence": ""
  }
},
{
  "model": "phmi.activity",
  "pk": 49,
  "fields": {
    "activity_category": 7,
    "name": "Combining primary and secondary data in research studies/clinical trials",
    "slug": "combining-primary-and-secondary-data-in-research-s",
    "duty_of_confidence": ""
  }
},
{
  "model": "phmi.activity",
  "pk": 50,
  "fields": {
    "activity_category": 7,
    "name": "Developing health care apps",
    "slug": "developing-health-care-apps",
    "duty_of_confidence": ""
  }
},
{
  "model": "phmi.activity",
  "pk": 51,
  "fields": {
    "activity_category": 7,
    "name": "Developing decision-support tools",
    "slug": "developing-decision-support-tools",
    "duty_of_confidence": ""
  }
},
{
  "model": "phmi.activity",
  "pk": 52,
  "fields": {
    "activity_category": 7,
    "name": "Conducting time-critical surveillance research",
    "slug": "conducting-time-critical-surveillance-research",
    "duty_of_confidence": ""
  }
},
{
  "model": "phmi.activity",
  "pk": 53,
  "fields": {
    "activity_category": 7,
    "name": "Integrating additional data sources",
    "slug": "integrating-additional-data-sources",
    "duty_of_confidence": ""
  }
},
{
  "model": "phmi.activity",
  "pk": 54,
  "fields": {
    "activity_category": 7,
    "name": "Conducting commercial analytics",
    "slug": "conducting-commercial-analytics",
    "duty_of_confidence": ""
  }
},
{
  "model": "phmi.activity",
  "pk": 55,
  "fields": {
    "activity_category": 8,
    "name": "General provision of population health management",
    "slug": "general-provision-of-population-health-management",
    "duty_of_confidence": "Implied consent/reasonable expectations or pseudo/anon data where it doesn't apply"
  }
},
{
  "model": "phmi.activitycategory",
  "pk": 1,
  "fields": {
    "group": 2,
    "name": "Activating and empowering citizens",
    "index": 4,
    "slug": "activating-and-empowering-citizens"
  }
},
{
  "model": "phmi.activitycategory",
  "pk": 2,
  "fields": {
    "group": 2,
    "name": "Managing individual care",
    "index": 5,
    "slug": "managing-individual-care"
  }
},
{
  "model": "phmi.activitycategory",
  "pk": 3,
  "fields": {
    "group": 2,
    "name": "Co-ordinating and optimising service user flows",
    "index": 6,
    "slug": "co-ordinating-and-optimising-service-user-flows"
  }
},
{
  "model": "phmi.activitycategory",
  "pk": 4,
  "fields": {
    "group": 1,
    "name": "Risk stratification for early intervention and prevention",
    "index": 0,
    "slug": "risk-stratification-for-early-intervention-and-pre"
  }
},
{
  "model": "phmi.activitycategory",
  "pk": 5,
  "fields": {
    "group": 1,
    "name": "Managing finances, quality and outcomes",
    "index": 1,
    "slug": "managing-finances-quality-and-outcomes"
  }
},
{
  "model": "phmi.activitycategory",
  "pk": 6,
  "fields": {
    "group": 1,
    "name": "Planning, implementing and evaluating population health strategy",
    "index": 2,
    "slug": "planning-implementing-and-evaluating-population-he"
  }
},
{
  "model": "phmi.activitycategory",
  "pk": 7,
  "fields": {
    "group": null,
    "name": "Undertaking research",
    "index": 0,
    "slug": "undertaking-research"
  }
},
{
  "model": "phmi.activitycategory",
  "pk": 8,
  "fields": {
    "group": 1,
    "name": "General provision of population health management (including direct care, secondary uses and 'hybrid' activities)",
    "index": 3,
    "slug": "general-provision-of-population-health-management-"
  }
},
{
  "model": "phmi.activitycategorygroup",
  "pk": 1,
  "fields": {
    "name": "Secondary data use activities",
    "description": "Where data is used for purposes other than the individual care of thepatient. Includes activities that contribute to the overall provisionof services to a population as a whole or a group of patients witha particular condition.",
    "index": 0
  }
},
{
  "model": "phmi.activitycategorygroup",
  "pk": 2,
  "fields": {
    "name": "Individual care",
    "description": "A clinical, social or public health activity concerned with theprevention, investigation and treatment of illness and thealleviation of suffering of individuals.",
    "index": 0
  }
},
{
  "model": "phmi.benefit",
  "pk": 1,
  "fields": {
    "aim": 1,
    "name": "Earlier identification of patients on disease pathways (e.g. cancer diagnosis)",
    "index": "1"
  }
},
{
  "model": "phmi.benefit",
  "pk": 2,
  "fields": {
    "aim": 1,
    "name": "Increase in attainment of individual health goals (e.g. quitting smoking, increased levels of exercise, healthier diet)",
    "index": "2"
  }
},
{
  "model": "phmi.benefit",
  "pk": 3,
  "fields": {
    "aim": 1,
    "name": "Reduction in health related unemployment and work absence",
    "index": "3"
  }
},
{
  "model": "phmi.benefit",
  "pk": 4,
  "fields": {
    "aim": 1,
    "name": "Reduction in incidence of preventable diseases",
    "index": "4"
  }
},
{
  "model": "phmi.benefit",
  "pk": 5,
  "fields": {
    "aim": 2,
    "name": "Increase in cooperation between NHS services and the voluntary sector",
    "index": "1"
  }
},
{
  "model": "phmi.benefit",
  "pk": 6,
  "fields": {
    "aim": 2,
    "name": "Increase of out-of-hospital care",
    "index": "2"
  }
},
{
  "model": "phmi.benefit",
  "pk": 7,
  "fields": {
    "aim": 2,
    "name": "Increase in patients accessing specialist advice where their disease pathway requires specialist support.",
    "index": "3"
  }
},
{
  "model": "phmi.benefit",
  "pk": 8,
  "fields": {
    "aim": 2,
    "name": "Reduction in inappropriate admissions to hospitals",
    "index": "4"
  }
},
{
  "model": "phmi.benefit",
  "pk": 9,
  "fields": {
    "aim": 2,
    "name": "Increase in patients receiving case management",
    "index": "5"
  }
},
{
  "model": "phmi.benefit",
  "pk": 10,
  "fields": {
    "aim": 2,
    "name": "Increase in local understanding of where variation in the use of services occurs",
    "index": "6"
  }
},
{
  "model": "phmi.benefit",
  "pk": 11,
  "fields": {
    "aim": 3,
    "name": "Increase in patient education and awareness relating to the management of their care",
    "index": "1"
  }
},
{
  "model": "phmi.benefit",
  "pk": 12,
  "fields": {
    "aim": 3,
    "name": "Increase in the activation of patients in the management of their individual healthcare",
    "index": "2"
  }
},
{
  "model": "phmi.benefit",
  "pk": 13,
  "fields": {
    "aim": 4,
    "name": "Increase in democratic leadership on public health",
    "index": "1"
  }
},
{
  "model": "phmi.benefit",
  "pk": 14,
  "fields": {
    "aim": 4,
    "name": "Reduction in pressures on carers",
    "index": "2"
  }
},
{
  "model": "phmi.benefit",
  "pk": 15,
  "fields": {
    "aim": 4,
    "name": "Increase in volunteers from local communities",
    "index": "3"
  }
},
{
  "model": "phmi.benefit",
  "pk": 16,
  "fields": {
    "aim": 5,
    "name": "Reduction in low value treatments",
    "index": "1"
  }
},
{
  "model": "phmi.benefit",
  "pk": 17,
  "fields": {
    "aim": 5,
    "name": "Reduction in cost of a treatment",
    "index": "2"
  }
},
{
  "model": "phmi.benefit",
  "pk": 18,
  "fields": {
    "aim": 5,
    "name": "Reduction in costly treatments arising from prevented illness",
    "index": "3"
  }
},
{
  "model": "phmi.benefit",
  "pk": 19,
  "fields": {
    "aim": 5,
    "name": "Reduction in management and administration costs",
    "index": "4"
  }
},
{
  "model": "phmi.benefit",
  "pk": 20,
  "fields": {
    "aim": 5,
    "name": "Increase in staff satisfaction, recruitment and retention",
    "index": "5"
  }
},
{
  "model": "phmi.benefitaim",
  "pk": 1,
  "fields": {
    "name": "A. PREVENTION"
  }
},
{
  "model": "phmi.benefitaim",
  "pk": 2,
  "fields": {
    "name": "B. INTEGRATED CARE"
  }
},
{
  "model": "phmi.benefitaim",
  "pk": 3,
  "fields": {
    "name": "C. PATIENT EMPOWERMENT"
  }
},
{
  "model": "phmi.benefitaim",
  "pk": 4,
  "fields": {
    "name": "D. COMMUNITY ENGAGEMENT"
  }
},
{
  "model": "phmi.benefitaim",
  "pk": 5,
  "fields": {
    "name": "E. VALUE FOR MONEY"
  }
},
{
  "model": "phmi.datacategory",
  "pk": 1,
  "fields": {
    "name": "Acute and urgent care"
  }
},
{
  "model": "phmi.datacategory",
  "pk": 2,
  "fields": {
    "name": "Mental health, dementia and learning disabilities"
  }
},
{
  "model": "phmi.datacategory",
  "pk": 3,
  "fields": {
    "name": "Primary care"
  }
},
{
  "model": "phmi.datacategory",
  "pk": 4,
  "fields": {
    "name": "Community and out of hospital care"
  }
},
{
  "model": "phmi.datacategory",
  "pk": 5,
  "fields": {
    "name": "Child health"
  }
},
{
  "model": "phmi.datacategory",
  "pk": 6,
  "fields": {
    "name": "Public health"
  }
},
{
  "model": "phmi.datacategory",
  "pk": 7,
  "fields": {
    "name": "Social care"
  }
},
{
  "model": "phmi.datacategory",
  "pk": 8,
  "fields": {
    "name": "Clinical registers"
  }
},
{
  "model": "phmi.datacategory",
  "pk": 9,
  "fields": {
    "name": "Allied health professionals"
  }
},
{
  "model": "phmi.datacategory",
  "pk": 10,
  "fields": {
    "name": "Diagnostics"
  }
},
{
  "model": "phmi.datacategory",
  "pk": 11,
  "fields": {
    "name": "Drugs and devices"
  }
},
{
  "model": "phmi.datacategory",
  "pk": 12,
  "fields": {
    "name": "Measures of demand"
  }
},
{
  "model": "phmi.datacategory",
  "pk": 13,
  "fields": {
    "name": "Quality, experience and outcomes"
  }
},
{
  "model": "phmi.datacategory",
  "pk": 14,
  "fields": {
    "name": "Workforce"
  }
},
{
  "model": "phmi.datacategory",
  "pk": 15,
  "fields": {
    "name": "Wider determinents to support population health"
  }
},
{
  "model": "phmi.datacategory",
  "pk": 16,
  "fields": {
    "name": "Demograhic and reference data"
  }
},
{
  "model": "phmi.datatype",
  "pk": 1,
  "fields": {
    "category": 1,
    "name": "Electronic patient records data (acute and urgent care)",
    "example_data_sets": "EPR (wider patient-level data set captured in providers with EPRs)",
    "activities": [
      21,
      49,
      54,
      48,
      52,
      47,
      51,
      50,
      45,
      44,
      22,
      53,
      46,
      28,
      32,
      30,
      33,
      31,
      23,
      34,
      29,
      24,
      25,
      26,
      36,
      35,
      27,
      41,
      40,
      42,
      43,
      37,
      38,
      39,
      4,
      6,
      7,
      5,
      1,
      3,
      2,
      10,
      9,
      11,
      12,
      13,
      8,
      18,
      16,
      15,
      17,
      19,
      14,
      20
    ],
    "org_types": [
      1,
      2,
      3,
      5,
      6
    ],
    "services": [
      1
    ]
  }
},
{
  "model": "phmi.datatype",
  "pk": 2,
  "fields": {
    "category": 1,
    "name": "Commissioning data sets (A&E, admitted patient care, outpatients)",
    "example_data_sets": "SUS(SEM), SUS(PbR), HES, local daily acute data",
    "activities": [
      21,
      49,
      54,
      48,
      52,
      47,
      51,
      50,
      45,
      44,
      22,
      53,
      46,
      28,
      32,
      30,
      33,
      31,
      23,
      34,
      29,
      24,
      25,
      26,
      36,
      35,
      27,
      41,
      40,
      42,
      43,
      37,
      38,
      39,
      4,
      6,
      7,
      5,
      1,
      3,
      2,
      10,
      9,
      11,
      12,
      13,
      8,
      18,
      16,
      15,
      17,
      19,
      14,
      20
    ],
    "org_types": [
      1,
      2,
      3
    ],
    "services": [
      1,
      2
    ]
  }
},
{
  "model": "phmi.datatype",
  "pk": 3,
  "fields": {
    "category": 1,
    "name": "Maternity",
    "example_data_sets": "MSDS",
    "activities": [
      21,
      49,
      54,
      48,
      52,
      47,
      51,
      50,
      45,
      44,
      22,
      53,
      46,
      28,
      32,
      30,
      33,
      31,
      23,
      34,
      29,
      24,
      25,
      26,
      36,
      35,
      27,
      41,
      40,
      42,
      43,
      37,
      38,
      39,
      4,
      6,
      7,
      5,
      1,
      3,
      2,
      10,
      9,
      11,
      12,
      13,
      8,
      18,
      16,
      15,
      17,
      19,
      14,
      20
    ],
    "org_types": [
      1,
      2,
      3,
      5,
      6
    ],
    "services": [
      1,
      2
    ]
  }
},
{
  "model": "phmi.datatype",
  "pk": 4,
  "fields": {
    "category": 1,
    "name": "Critical care",
    "example_data_sets": "Neonatal critical care MDS, paediatric critical care MDS",
    "activities": [
      21,
      49,
      54,
      48,
      52,
      47,
      51,
      50,
      45,
      44,
      22,
      53,
      46,
      28,
      32,
      30,
      33,
      31,
      23,
      34,
      29,
      24,
      25,
      26,
      36,
      35,
      27,
      41,
      40,
      42,
      43,
      37,
      38,
      39,
      4,
      6,
      7,
      5,
      1,
      3,
      2,
      10,
      9,
      11,
      12,
      13,
      8,
      18,
      16,
      15,
      17,
      19,
      14,
      20
    ],
    "org_types": [
      1,
      2,
      3,
      5,
      6
    ],
    "services": [
      1,
      2
    ]
  }
},
{
  "model": "phmi.datatype",
  "pk": 5,
  "fields": {
    "category": 1,
    "name": "Out of hours",
    "example_data_sets": "Local OoH flows",
    "activities": [
      21,
      49,
      54,
      48,
      52,
      47,
      51,
      50,
      45,
      44,
      22,
      53,
      46,
      28,
      32,
      30,
      33,
      31,
      23,
      34,
      29,
      24,
      25,
      26,
      36,
      35,
      27,
      41,
      40,
      42,
      43,
      37,
      38,
      39,
      4,
      6,
      7,
      5,
      1,
      3,
      2,
      10,
      9,
      11,
      12,
      13,
      8,
      18,
      16,
      15,
      17,
      19,
      14,
      20
    ],
    "org_types": [
      1,
      2,
      3,
      5,
      6
    ],
    "services": [
      1
    ]
  }
},
{
  "model": "phmi.datatype",
  "pk": 6,
  "fields": {
    "category": 1,
    "name": "Emergency ambulance",
    "example_data_sets": "Conformed local emergency ambulance data set",
    "activities": [
      21,
      49,
      54,
      48,
      52,
      47,
      51,
      50,
      45,
      44,
      22,
      53,
      46,
      28,
      32,
      30,
      33,
      31,
      23,
      34,
      29,
      24,
      25,
      26,
      36,
      35,
      27,
      41,
      40,
      42,
      43,
      37,
      38,
      39,
      4,
      6,
      7,
      5,
      1,
      3,
      2,
      10,
      9,
      11,
      12,
      13,
      8,
      18,
      16,
      15,
      17,
      19,
      14,
      20
    ],
    "org_types": [
      1,
      2,
      3,
      5
    ],
    "services": [
      1
    ]
  }
},
{
  "model": "phmi.datatype",
  "pk": 7,
  "fields": {
    "category": 1,
    "name": "111",
    "example_data_sets": "Conformed local 111 data set",
    "activities": [
      21,
      49,
      54,
      48,
      52,
      47,
      51,
      50,
      45,
      44,
      22,
      53,
      46,
      28,
      32,
      30,
      33,
      31,
      23,
      34,
      29,
      24,
      25,
      26,
      36,
      35,
      27,
      41,
      40,
      42,
      43,
      37,
      38,
      39,
      4,
      6,
      7,
      5,
      1,
      3,
      2,
      10,
      9,
      11,
      12,
      13,
      8,
      18,
      16,
      15,
      17,
      19,
      14,
      20
    ],
    "org_types": [
      1,
      2,
      3,
      5
    ],
    "services": [
      1
    ]
  }
},
{
  "model": "phmi.datatype",
  "pk": 8,
  "fields": {
    "category": 1,
    "name": "Pathology",
    "example_data_sets": "Local pathology data",
    "activities": [
      21,
      49,
      54,
      48,
      52,
      47,
      51,
      50,
      45,
      44,
      22,
      53,
      46,
      28,
      32,
      30,
      33,
      31,
      23,
      34,
      29,
      24,
      25,
      26,
      36,
      35,
      27,
      41,
      40,
      42,
      43,
      37,
      38,
      39,
      4,
      6,
      7,
      5,
      1,
      3,
      2,
      10,
      9,
      11,
      12,
      13,
      8,
      18,
      16,
      15,
      17,
      19,
      14,
      20
    ],
    "org_types": [
      1,
      2,
      3,
      5,
      6
    ],
    "services": [
      1
    ]
  }
},
{
  "model": "phmi.datatype",
  "pk": 9,
  "fields": {
    "category": 1,
    "name": "Theatre",
    "example_data_sets": "Local theatre data",
    "activities": [
      21,
      49,
      54,
      48,
      52,
      47,
      51,
      50,
      45,
      44,
      22,
      53,
      46,
      28,
      32,
      30,
      33,
      31,
      23,
      34,
      29,
      24,
      25,
      26,
      36,
      35,
      27,
      41,
      40,
      42,
      43,
      37,
      38,
      39,
      4,
      6,
      7,
      5,
      1,
      3,
      2,
      10,
      9,
      11,
      12,
      13,
      8,
      18,
      16,
      15,
      17,
      19,
      14,
      20
    ],
    "org_types": [
      1,
      2,
      3,
      5,
      6
    ],
    "services": [
      1
    ]
  }
},
{
  "model": "phmi.datatype",
  "pk": 10,
  "fields": {
    "category": 1,
    "name": "Cancelled operations",
    "example_data_sets": "QMCO",
    "activities": [
      21,
      49,
      54,
      48,
      52,
      47,
      51,
      50,
      45,
      44,
      22,
      53,
      46,
      28,
      32,
      30,
      33,
      31,
      23,
      34,
      29,
      24,
      25,
      26,
      36,
      35,
      27,
      41,
      40,
      42,
      43,
      37,
      38,
      39,
      4,
      6,
      7,
      5,
      1,
      3,
      2,
      10,
      9,
      11,
      12,
      13,
      8,
      18,
      16,
      15,
      17,
      19,
      14,
      20
    ],
    "org_types": [
      1,
      2,
      3,
      5,
      6
    ],
    "services": [
      1
    ]
  }
},
{
  "model": "phmi.datatype",
  "pk": 11,
  "fields": {
    "category": 1,
    "name": "Patient transport",
    "example_data_sets": "Local patient transport data",
    "activities": [
      21,
      49,
      54,
      48,
      52,
      47,
      51,
      50,
      45,
      44,
      22,
      53,
      46,
      28,
      32,
      30,
      33,
      31,
      23,
      34,
      29,
      24,
      25,
      26,
      36,
      35,
      27,
      41,
      40,
      42,
      43,
      37,
      38,
      39,
      4,
      6,
      7,
      5,
      1,
      3,
      2,
      10,
      9,
      11,
      12,
      13,
      8,
      18,
      16,
      15,
      17,
      19,
      14,
      20
    ],
    "org_types": [
      1,
      2,
      3,
      5,
      6
    ],
    "services": [
      1
    ]
  }
},
{
  "model": "phmi.datatype",
  "pk": 12,
  "fields": {
    "category": 1,
    "name": "Health and justice",
    "example_data_sets": "HJIS, SARCS",
    "activities": [
      21,
      49,
      54,
      48,
      52,
      47,
      51,
      50,
      45,
      44,
      22,
      53,
      46,
      28,
      32,
      30,
      33,
      31,
      23,
      34,
      29,
      24,
      25,
      26,
      36,
      35,
      27,
      41,
      40,
      42,
      43,
      37,
      38,
      39,
      4,
      6,
      7,
      5,
      1,
      3,
      2,
      10,
      9,
      11,
      12,
      13,
      8,
      18,
      16,
      15,
      17,
      19,
      14,
      20
    ],
    "org_types": [
      1,
      2,
      3,
      5,
      6
    ],
    "services": [
      1
    ]
  }
},
{
  "model": "phmi.datatype",
  "pk": 13,
  "fields": {
    "category": 1,
    "name": "Individual funding requests",
    "example_data_sets": "IFRs",
    "activities": [
      21,
      49,
      54,
      48,
      52,
      47,
      51,
      50,
      45,
      44,
      22,
      53,
      46,
      28,
      32,
      30,
      33,
      31,
      23,
      34,
      29,
      24,
      25,
      26,
      36,
      35,
      27,
      41,
      40,
      42,
      43,
      37,
      38,
      39,
      4,
      6,
      7,
      5,
      1,
      3,
      2,
      10,
      9,
      11,
      12,
      13,
      8,
      18,
      16,
      15,
      17,
      19,
      14,
      20
    ],
    "org_types": [
      1,
      2,
      3
    ],
    "services": [
      1
    ]
  }
},
{
  "model": "phmi.datatype",
  "pk": 14,
  "fields": {
    "category": 1,
    "name": "Contract monitoring (acute and urgent care)",
    "example_data_sets": "Patient level contract monitoring (acute and urgent care)",
    "activities": [
      21,
      49,
      54,
      48,
      52,
      47,
      51,
      50,
      45,
      44,
      22,
      53,
      46,
      28,
      32,
      30,
      33,
      31,
      23,
      34,
      29,
      24,
      25,
      26,
      36,
      35,
      27,
      41,
      40,
      42,
      43,
      37,
      38,
      39,
      4,
      6,
      7,
      5,
      1,
      3,
      2,
      10,
      9,
      11,
      12,
      13,
      8,
      18,
      16,
      15,
      17,
      19,
      14,
      20
    ],
    "org_types": [
      1,
      2
    ],
    "services": [
      1
    ]
  }
},
{
  "model": "phmi.datatype",
  "pk": 15,
  "fields": {
    "category": 1,
    "name": "Patient-level costing",
    "example_data_sets": "PLICS",
    "activities": [
      21,
      49,
      54,
      48,
      52,
      47,
      51,
      50,
      45,
      44,
      22,
      53,
      46,
      28,
      32,
      30,
      33,
      31,
      23,
      34,
      29,
      24,
      25,
      26,
      36,
      35,
      27,
      41,
      40,
      42,
      43,
      37,
      38,
      39,
      4,
      6,
      7,
      5,
      1,
      3,
      2,
      10,
      9,
      11,
      12,
      13,
      8,
      18,
      16,
      15,
      17,
      19,
      14,
      20
    ],
    "org_types": [
      1
    ],
    "services": [
      1
    ]
  }
},
{
  "model": "phmi.datatype",
  "pk": 16,
  "fields": {
    "category": 1,
    "name": "Best practice tariffs",
    "example_data_sets": "Best practice tariff monitoring data sets",
    "activities": [
      21,
      49,
      54,
      48,
      52,
      47,
      51,
      50,
      45,
      44,
      22,
      53,
      46,
      28,
      32,
      30,
      33,
      31,
      23,
      34,
      29,
      24,
      25,
      26,
      36,
      35,
      27,
      41,
      40,
      42,
      43,
      37,
      38,
      39,
      4,
      6,
      7,
      5,
      1,
      3,
      2,
      10,
      9,
      11,
      12,
      13,
      8,
      18,
      16,
      15,
      17,
      19,
      14,
      20
    ],
    "org_types": [
      1
    ],
    "services": [
      1
    ]
  }
},
{
  "model": "phmi.datatype",
  "pk": 17,
  "fields": {
    "category": 2,
    "name": "Electronic patient records data (mental health)",
    "example_data_sets": "EPR (wider patient-level data set captured in providers with EPRs)",
    "activities": [
      21,
      49,
      54,
      48,
      52,
      47,
      51,
      50,
      45,
      44,
      22,
      53,
      46,
      28,
      32,
      30,
      33,
      31,
      23,
      34,
      29,
      24,
      25,
      26,
      36,
      35,
      27,
      41,
      40,
      42,
      43,
      37,
      38,
      39,
      4,
      6,
      7,
      5,
      1,
      3,
      2,
      10,
      9,
      11,
      12,
      13,
      8,
      18,
      16,
      15,
      17,
      19,
      14,
      20
    ],
    "org_types": [
      1,
      2,
      3,
      5,
      6
    ],
    "services": [
      4
    ]
  }
},
{
  "model": "phmi.datatype",
  "pk": 18,
  "fields": {
    "category": 2,
    "name": "Mental health services",
    "example_data_sets": "MHMDS, LMHSDS, MHLDDS, MHSDS, CAMHS",
    "activities": [
      21,
      49,
      54,
      48,
      52,
      47,
      51,
      50,
      45,
      44,
      22,
      53,
      46,
      28,
      32,
      30,
      33,
      31,
      23,
      34,
      29,
      24,
      25,
      26,
      36,
      35,
      27,
      41,
      40,
      42,
      43,
      37,
      38,
      39,
      4,
      6,
      7,
      5,
      1,
      3,
      2,
      10,
      9,
      11,
      12,
      13,
      8,
      18,
      16,
      15,
      17,
      19,
      14,
      20
    ],
    "org_types": [
      1,
      2,
      3,
      5,
      6
    ],
    "services": [
      4
    ]
  }
},
{
  "model": "phmi.datatype",
  "pk": 19,
  "fields": {
    "category": 2,
    "name": "Learning disabilities",
    "example_data_sets": "Local learning disabilities data",
    "activities": [
      21,
      49,
      54,
      48,
      52,
      47,
      51,
      50,
      45,
      44,
      22,
      53,
      46,
      28,
      32,
      30,
      33,
      31,
      23,
      34,
      29,
      24,
      25,
      26,
      36,
      35,
      27,
      41,
      40,
      42,
      43,
      37,
      38,
      39,
      4,
      6,
      7,
      5,
      1,
      3,
      2,
      10,
      9,
      11,
      12,
      13,
      8,
      18,
      16,
      15,
      17,
      19,
      14,
      20
    ],
    "org_types": [
      1,
      2,
      3,
      5,
      6
    ],
    "services": [
      4
    ]
  }
},
{
  "model": "phmi.datatype",
  "pk": 20,
  "fields": {
    "category": 2,
    "name": "Psychological therapies",
    "example_data_sets": "IAPT",
    "activities": [
      21,
      49,
      54,
      48,
      52,
      47,
      51,
      50,
      45,
      44,
      22,
      53,
      46,
      28,
      32,
      30,
      33,
      31,
      23,
      34,
      29,
      24,
      25,
      26,
      36,
      35,
      27,
      41,
      40,
      42,
      43,
      37,
      38,
      39,
      4,
      6,
      7,
      5,
      1,
      3,
      2,
      10,
      9,
      11,
      12,
      13,
      8,
      18,
      16,
      15,
      17,
      19,
      14,
      20
    ],
    "org_types": [
      1,
      2,
      3,
      5,
      6
    ],
    "services": [
      4
    ]
  }
},
{
  "model": "phmi.datatype",
  "pk": 21,
  "fields": {
    "category": 2,
    "name": "Specialist mental health services",
    "example_data_sets": "MH bed management data set",
    "activities": [
      21,
      49,
      54,
      48,
      52,
      47,
      51,
      50,
      45,
      44,
      22,
      53,
      46,
      28,
      32,
      30,
      33,
      31,
      23,
      34,
      29,
      24,
      25,
      26,
      36,
      35,
      27,
      41,
      40,
      42,
      43,
      37,
      38,
      39,
      4,
      6,
      7,
      5,
      1,
      3,
      2,
      10,
      9,
      11,
      12,
      13,
      8,
      18,
      16,
      15,
      17,
      19,
      14,
      20
    ],
    "org_types": [
      1,
      2,
      3,
      5,
      6
    ],
    "services": [
      4
    ]
  }
},
{
  "model": "phmi.datatype",
  "pk": 22,
  "fields": {
    "category": 2,
    "name": "Contract monitoring (mental health)",
    "example_data_sets": "Patient level contract monitoring (mental health)",
    "activities": [
      21,
      49,
      54,
      48,
      52,
      47,
      51,
      50,
      45,
      44,
      22,
      53,
      46,
      28,
      32,
      30,
      33,
      31,
      23,
      34,
      29,
      24,
      25,
      26,
      36,
      35,
      27,
      41,
      40,
      42,
      43,
      37,
      38,
      39,
      4,
      6,
      7,
      5,
      1,
      3,
      2,
      10,
      9,
      11,
      12,
      13,
      8,
      18,
      16,
      15,
      17,
      19,
      14,
      20
    ],
    "org_types": [
      1
    ],
    "services": [
      4
    ]
  }
},
{
  "model": "phmi.datatype",
  "pk": 23,
  "fields": {
    "category": 3,
    "name": "GP",
    "example_data_sets": "GP data set, GP activity volumes, GPES",
    "activities": [
      21,
      49,
      54,
      48,
      52,
      47,
      51,
      50,
      45,
      44,
      22,
      53,
      46,
      28,
      32,
      30,
      33,
      31,
      23,
      34,
      29,
      24,
      25,
      26,
      36,
      35,
      27,
      41,
      40,
      42,
      43,
      37,
      38,
      39,
      4,
      6,
      7,
      5,
      1,
      3,
      2,
      10,
      9,
      11,
      12,
      13,
      8,
      18,
      16,
      15,
      17,
      19,
      14,
      20
    ],
    "org_types": [
      1,
      2,
      5,
      6
    ],
    "services": [
      5
    ]
  }
},
{
  "model": "phmi.datatype",
  "pk": 24,
  "fields": {
    "category": 3,
    "name": "Dental",
    "example_data_sets": "Dental activity form (BSA)",
    "activities": [
      21,
      49,
      54,
      48,
      52,
      47,
      51,
      50,
      45,
      44,
      22,
      53,
      46,
      28,
      32,
      30,
      33,
      31,
      23,
      34,
      29,
      24,
      25,
      26,
      36,
      35,
      27,
      41,
      40,
      42,
      43,
      37,
      38,
      39,
      4,
      6,
      7,
      5,
      1,
      3,
      2,
      10,
      9,
      11,
      12,
      13,
      8,
      18,
      16,
      15,
      17,
      19,
      14,
      20
    ],
    "org_types": [
      1,
      2,
      5,
      6
    ],
    "services": [
      5
    ]
  }
},
{
  "model": "phmi.datatype",
  "pk": 25,
  "fields": {
    "category": 3,
    "name": "Optometry",
    "example_data_sets": "Local optometry data",
    "activities": [
      21,
      49,
      54,
      48,
      52,
      47,
      51,
      50,
      45,
      44,
      22,
      53,
      46,
      28,
      32,
      30,
      33,
      31,
      23,
      34,
      29,
      24,
      25,
      26,
      36,
      35,
      27,
      41,
      40,
      42,
      43,
      37,
      38,
      39,
      4,
      6,
      7,
      5,
      1,
      3,
      2,
      10,
      9,
      11,
      12,
      13,
      8,
      18,
      16,
      15,
      17,
      19,
      14,
      20
    ],
    "org_types": [
      1,
      2,
      5,
      6
    ],
    "services": [
      5
    ]
  }
},
{
  "model": "phmi.datatype",
  "pk": 26,
  "fields": {
    "category": 3,
    "name": "Diabetes",
    "example_data_sets": "Diabetes audit data set",
    "activities": [
      21,
      49,
      54,
      48,
      52,
      47,
      51,
      50,
      45,
      44,
      22,
      53,
      46,
      28,
      32,
      30,
      33,
      31,
      23,
      34,
      29,
      24,
      25,
      26,
      36,
      35,
      27,
      41,
      40,
      42,
      43,
      37,
      38,
      39,
      4,
      6,
      7,
      5,
      1,
      3,
      2,
      10,
      9,
      11,
      12,
      13,
      8,
      18,
      16,
      15,
      17,
      19,
      14,
      20
    ],
    "org_types": [
      1,
      2,
      5,
      6
    ],
    "services": [
      5
    ]
  }
},
{
  "model": "phmi.datatype",
  "pk": 27,
  "fields": {
    "category": 3,
    "name": "Defence medical practices",
    "example_data_sets": "MoD primary care extract",
    "activities": [
      21,
      49,
      54,
      48,
      52,
      47,
      51,
      50,
      45,
      44,
      22,
      53,
      46,
      28,
      32,
      30,
      33,
      31,
      23,
      34,
      29,
      24,
      25,
      26,
      36,
      35,
      27,
      41,
      40,
      42,
      43,
      37,
      38,
      39,
      4,
      6,
      7,
      5,
      1,
      3,
      2,
      10,
      9,
      11,
      12,
      13,
      8,
      18,
      16,
      15,
      17,
      19,
      14,
      20
    ],
    "org_types": [
      1,
      2,
      3,
      5,
      6
    ],
    "services": [
      5
    ]
  }
},
{
  "model": "phmi.datatype",
  "pk": 28,
  "fields": {
    "category": 3,
    "name": "Health and justice practices",
    "example_data_sets": "HJIS, Systm1 prisons data extract",
    "activities": [
      21,
      49,
      54,
      48,
      52,
      47,
      51,
      50,
      45,
      44,
      22,
      53,
      46,
      28,
      32,
      30,
      33,
      31,
      23,
      34,
      29,
      24,
      25,
      26,
      36,
      35,
      27,
      41,
      40,
      42,
      43,
      37,
      38,
      39,
      4,
      6,
      7,
      5,
      1,
      3,
      2,
      10,
      9,
      11,
      12,
      13,
      8,
      18,
      16,
      15,
      17,
      19,
      14,
      20
    ],
    "org_types": [
      1,
      5,
      6
    ],
    "services": [
      5
    ]
  }
},
{
  "model": "phmi.datatype",
  "pk": 29,
  "fields": {
    "category": 3,
    "name": "Quality outcomes framework",
    "example_data_sets": "QOF",
    "activities": [
      21,
      49,
      54,
      48,
      52,
      47,
      51,
      50,
      45,
      44,
      22,
      53,
      46,
      28,
      32,
      30,
      33,
      31,
      23,
      34,
      29,
      24,
      25,
      26,
      36,
      35,
      27,
      41,
      40,
      42,
      43,
      37,
      38,
      39,
      4,
      6,
      7,
      5,
      1,
      3,
      2,
      10,
      9,
      11,
      12,
      13,
      8,
      18,
      16,
      15,
      17,
      19,
      14,
      20
    ],
    "org_types": [
      1
    ],
    "services": [
      5
    ]
  }
},
{
  "model": "phmi.datatype",
  "pk": 30,
  "fields": {
    "category": 4,
    "name": "Electronic patient records data (community)",
    "example_data_sets": "EPR (wider patient-level data set captured in providers with EPRs)",
    "activities": [
      21,
      49,
      54,
      48,
      52,
      47,
      51,
      50,
      45,
      44,
      22,
      53,
      46,
      28,
      32,
      30,
      33,
      31,
      23,
      34,
      29,
      24,
      25,
      26,
      36,
      35,
      27,
      41,
      40,
      42,
      43,
      37,
      38,
      39,
      4,
      6,
      7,
      5,
      1,
      3,
      2,
      10,
      9,
      11,
      12,
      13,
      8,
      18,
      16,
      15,
      17,
      19,
      14,
      20
    ],
    "org_types": [
      1,
      2,
      3,
      4,
      5,
      6
    ],
    "services": [
      3
    ]
  }
},
{
  "model": "phmi.datatype",
  "pk": 31,
  "fields": {
    "category": 4,
    "name": "Community services",
    "example_data_sets": "CYPHS, CIDS, CSDS, LCSDS",
    "activities": [
      21,
      49,
      54,
      48,
      52,
      47,
      51,
      50,
      45,
      44,
      22,
      53,
      46,
      28,
      32,
      30,
      33,
      31,
      23,
      34,
      29,
      24,
      25,
      26,
      36,
      35,
      27,
      41,
      40,
      42,
      43,
      37,
      38,
      39,
      4,
      6,
      7,
      5,
      1,
      3,
      2,
      10,
      9,
      11,
      12,
      13,
      8,
      18,
      16,
      15,
      17,
      19,
      14,
      20
    ],
    "org_types": [
      1,
      2,
      3,
      5,
      6
    ],
    "services": [
      3
    ]
  }
},
{
  "model": "phmi.datatype",
  "pk": 32,
  "fields": {
    "category": 4,
    "name": "Voluntary sector health and care services",
    "example_data_sets": "Local service flows",
    "activities": [
      21,
      49,
      54,
      48,
      52,
      47,
      51,
      50,
      45,
      44,
      22,
      53,
      46,
      28,
      32,
      30,
      33,
      31,
      23,
      34,
      29,
      24,
      25,
      26,
      36,
      35,
      27,
      41,
      40,
      42,
      43,
      37,
      38,
      39,
      4,
      6,
      7,
      5,
      1,
      3,
      2,
      10,
      9,
      11,
      12,
      13,
      8,
      18,
      16,
      15,
      17,
      19,
      14,
      20
    ],
    "org_types": [
      1,
      2,
      3,
      6
    ],
    "services": [
      3
    ]
  }
},
{
  "model": "phmi.datatype",
  "pk": 33,
  "fields": {
    "category": 4,
    "name": "Care and nursing homes",
    "example_data_sets": "Local care and nursing home data sets",
    "activities": [
      21,
      49,
      54,
      48,
      52,
      47,
      51,
      50,
      45,
      44,
      22,
      53,
      46,
      28,
      32,
      30,
      33,
      31,
      23,
      34,
      29,
      24,
      25,
      26,
      36,
      35,
      27,
      41,
      40,
      42,
      43,
      37,
      38,
      39,
      4,
      6,
      7,
      5,
      1,
      3,
      2,
      10,
      9,
      11,
      12,
      13,
      8,
      18,
      16,
      15,
      17,
      19,
      14,
      20
    ],
    "org_types": [
      1,
      2,
      3,
      6
    ],
    "services": [
      3
    ]
  }
},
{
  "model": "phmi.datatype",
  "pk": 34,
  "fields": {
    "category": 4,
    "name": "Hospice and end of life",
    "example_data_sets": "Palliative care co-ordination data set",
    "activities": [
      21,
      49,
      54,
      48,
      52,
      47,
      51,
      50,
      45,
      44,
      22,
      53,
      46,
      28,
      32,
      30,
      33,
      31,
      23,
      34,
      29,
      24,
      25,
      26,
      36,
      35,
      27,
      41,
      40,
      42,
      43,
      37,
      38,
      39,
      4,
      6,
      7,
      5,
      1,
      3,
      2,
      10,
      9,
      11,
      12,
      13,
      8,
      18,
      16,
      15,
      17,
      19,
      14,
      20
    ],
    "org_types": [
      1,
      2,
      3,
      5,
      6
    ],
    "services": [
      3
    ]
  }
},
{
  "model": "phmi.datatype",
  "pk": 35,
  "fields": {
    "category": 4,
    "name": "Community dental",
    "example_data_sets": "Local community dental data",
    "activities": [
      21,
      49,
      54,
      48,
      52,
      47,
      51,
      50,
      45,
      44,
      22,
      53,
      46,
      28,
      32,
      30,
      33,
      31,
      23,
      34,
      29,
      24,
      25,
      26,
      36,
      35,
      27,
      41,
      40,
      42,
      43,
      37,
      38,
      39,
      4,
      6,
      7,
      5,
      1,
      3,
      2,
      10,
      9,
      11,
      12,
      13,
      8,
      18,
      16,
      15,
      17,
      19,
      14,
      20
    ],
    "org_types": [
      1,
      2,
      3,
      5,
      6
    ],
    "services": [
      3
    ]
  }
},
{
  "model": "phmi.datatype",
  "pk": 36,
  "fields": {
    "category": 4,
    "name": "Continuing healthcare",
    "example_data_sets": "Continuing healthcare placement system",
    "activities": [
      21,
      49,
      54,
      48,
      52,
      47,
      51,
      50,
      45,
      44,
      22,
      53,
      46,
      28,
      32,
      30,
      33,
      31,
      23,
      34,
      29,
      24,
      25,
      26,
      36,
      35,
      27,
      41,
      40,
      42,
      43,
      37,
      38,
      39,
      4,
      6,
      7,
      5,
      1,
      3,
      2,
      10,
      9,
      11,
      12,
      13,
      8,
      18,
      16,
      15,
      17,
      19,
      14,
      20
    ],
    "org_types": [
      1,
      2,
      3,
      5,
      6
    ],
    "services": [
      3
    ]
  }
},
{
  "model": "phmi.datatype",
  "pk": 37,
  "fields": {
    "category": 4,
    "name": "Contract monitoring (community)",
    "example_data_sets": "Patient level contract monitoring (community)",
    "activities": [
      21,
      49,
      54,
      48,
      52,
      47,
      51,
      50,
      45,
      44,
      22,
      53,
      46,
      28,
      32,
      30,
      33,
      31,
      23,
      34,
      29,
      24,
      25,
      26,
      36,
      35,
      27,
      41,
      40,
      42,
      43,
      37,
      38,
      39,
      4,
      6,
      7,
      5,
      1,
      3,
      2,
      10,
      9,
      11,
      12,
      13,
      8,
      18,
      16,
      15,
      17,
      19,
      14,
      20
    ],
    "org_types": [
      1,
      2,
      3
    ],
    "services": [
      3
    ]
  }
},
{
  "model": "phmi.datatype",
  "pk": 38,
  "fields": {
    "category": 5,
    "name": "Child health",
    "example_data_sets": "Childhood obesity central return, national child measurement programme (NCMP)",
    "activities": [
      21,
      49,
      54,
      48,
      52,
      47,
      51,
      50,
      45,
      44,
      22,
      53,
      46,
      28,
      32,
      30,
      33,
      31,
      23,
      34,
      29,
      24,
      25,
      26,
      36,
      35,
      27,
      41,
      40,
      42,
      43,
      37,
      38,
      39,
      4,
      6,
      7,
      5,
      1,
      3,
      2,
      10,
      9,
      11,
      12,
      13,
      8,
      18,
      16,
      15,
      17,
      19,
      14,
      20
    ],
    "org_types": [],
    "services": []
  }
},
{
  "model": "phmi.datatype",
  "pk": 39,
  "fields": {
    "category": 6,
    "name": "Alcohol, drug and substance misuse",
    "example_data_sets": "Local alcohol, drug and substance misuse data",
    "activities": [
      21,
      49,
      54,
      48,
      52,
      47,
      51,
      50,
      45,
      44,
      22,
      53,
      46,
      28,
      32,
      30,
      33,
      31,
      23,
      34,
      29,
      24,
      25,
      26,
      36,
      35,
      27,
      41,
      40,
      42,
      43,
      37,
      38,
      39,
      4,
      6,
      7,
      5,
      1,
      3,
      2,
      10,
      9,
      11,
      12,
      13,
      8,
      18,
      16,
      15,
      17,
      19,
      14,
      20
    ],
    "org_types": [
      2,
      3
    ],
    "services": [
      6
    ]
  }
},
{
  "model": "phmi.datatype",
  "pk": 40,
  "fields": {
    "category": 6,
    "name": "Heath check",
    "example_data_sets": "Health check",
    "activities": [
      21,
      49,
      54,
      48,
      52,
      47,
      51,
      50,
      45,
      44,
      22,
      53,
      46,
      28,
      32,
      30,
      33,
      31,
      23,
      34,
      29,
      24,
      25,
      26,
      36,
      35,
      27,
      41,
      40,
      42,
      43,
      37,
      38,
      39,
      4,
      6,
      7,
      5,
      1,
      3,
      2,
      10,
      9,
      11,
      12,
      13,
      8,
      18,
      16,
      15,
      17,
      19,
      14,
      20
    ],
    "org_types": [
      2,
      3
    ],
    "services": [
      6
    ]
  }
},
{
  "model": "phmi.datatype",
  "pk": 41,
  "fields": {
    "category": 6,
    "name": "Immunisations",
    "example_data_sets": "Childhood immunisations, flu",
    "activities": [
      21,
      49,
      54,
      48,
      52,
      47,
      51,
      50,
      45,
      44,
      22,
      53,
      46,
      28,
      32,
      30,
      33,
      31,
      23,
      34,
      29,
      24,
      25,
      26,
      36,
      35,
      27,
      41,
      40,
      42,
      43,
      37,
      38,
      39,
      4,
      6,
      7,
      5,
      1,
      3,
      2,
      10,
      9,
      11,
      12,
      13,
      8,
      18,
      16,
      15,
      17,
      19,
      14,
      20
    ],
    "org_types": [
      1,
      2,
      3
    ],
    "services": [
      6
    ]
  }
},
{
  "model": "phmi.datatype",
  "pk": 42,
  "fields": {
    "category": 6,
    "name": "Breastfeeding",
    "example_data_sets": "Breastfeeding at delivery",
    "activities": [
      21,
      49,
      54,
      48,
      52,
      47,
      51,
      50,
      45,
      44,
      22,
      53,
      46,
      28,
      32,
      30,
      33,
      31,
      23,
      34,
      29,
      24,
      25,
      26,
      36,
      35,
      27,
      41,
      40,
      42,
      43,
      37,
      38,
      39,
      4,
      6,
      7,
      5,
      1,
      3,
      2,
      10,
      9,
      11,
      12,
      13,
      8,
      18,
      16,
      15,
      17,
      19,
      14,
      20
    ],
    "org_types": [
      1,
      2,
      3
    ],
    "services": [
      6
    ]
  }
},
{
  "model": "phmi.datatype",
  "pk": 43,
  "fields": {
    "category": 6,
    "name": "Physical activity",
    "example_data_sets": "Local physical activity data",
    "activities": [
      21,
      49,
      54,
      48,
      52,
      47,
      51,
      50,
      45,
      44,
      22,
      53,
      46,
      28,
      32,
      30,
      33,
      31,
      23,
      34,
      29,
      24,
      25,
      26,
      36,
      35,
      27,
      41,
      40,
      42,
      43,
      37,
      38,
      39,
      4,
      6,
      7,
      5,
      1,
      3,
      2,
      10,
      9,
      11,
      12,
      13,
      8,
      18,
      16,
      15,
      17,
      19,
      14,
      20
    ],
    "org_types": [
      2,
      3
    ],
    "services": [
      6
    ]
  }
},
{
  "model": "phmi.datatype",
  "pk": 44,
  "fields": {
    "category": 6,
    "name": "Screening",
    "example_data_sets": "Breast screening programme data set, local cervical screening data, local bowel screening data",
    "activities": [
      21,
      49,
      54,
      48,
      52,
      47,
      51,
      50,
      45,
      44,
      22,
      53,
      46,
      28,
      32,
      30,
      33,
      31,
      23,
      34,
      29,
      24,
      25,
      26,
      36,
      35,
      27,
      41,
      40,
      42,
      43,
      37,
      38,
      39,
      4,
      6,
      7,
      5,
      1,
      3,
      2,
      10,
      9,
      11,
      12,
      13,
      8,
      18,
      16,
      15,
      17,
      19,
      14,
      20
    ],
    "org_types": [
      1,
      2,
      3
    ],
    "services": [
      6
    ]
  }
},
{
  "model": "phmi.datatype",
  "pk": 45,
  "fields": {
    "category": 6,
    "name": "Adult obesity",
    "example_data_sets": "Local adult obesity data",
    "activities": [
      21,
      49,
      54,
      48,
      52,
      47,
      51,
      50,
      45,
      44,
      22,
      53,
      46,
      28,
      32,
      30,
      33,
      31,
      23,
      34,
      29,
      24,
      25,
      26,
      36,
      35,
      27,
      41,
      40,
      42,
      43,
      37,
      38,
      39,
      4,
      6,
      7,
      5,
      1,
      3,
      2,
      10,
      9,
      11,
      12,
      13,
      8,
      18,
      16,
      15,
      17,
      19,
      14,
      20
    ],
    "org_types": [
      2,
      3
    ],
    "services": [
      6
    ]
  }
},
{
  "model": "phmi.datatype",
  "pk": 46,
  "fields": {
    "category": 6,
    "name": "Childhood obesity",
    "example_data_sets": "Healthy child measurement programme data",
    "activities": [
      21,
      49,
      54,
      48,
      52,
      47,
      51,
      50,
      45,
      44,
      22,
      53,
      46,
      28,
      32,
      30,
      33,
      31,
      23,
      34,
      29,
      24,
      25,
      26,
      36,
      35,
      27,
      41,
      40,
      42,
      43,
      37,
      38,
      39,
      4,
      6,
      7,
      5,
      1,
      3,
      2,
      10,
      9,
      11,
      12,
      13,
      8,
      18,
      16,
      15,
      17,
      19,
      14,
      20
    ],
    "org_types": [
      2,
      3
    ],
    "services": [
      6
    ]
  }
},
{
  "model": "phmi.datatype",
  "pk": 47,
  "fields": {
    "category": 6,
    "name": "Sexual health",
    "example_data_sets": "HARS, SRHAD, GUMCAD, CTAD, local sexual health data, health and justice SARCs",
    "activities": [
      21,
      49,
      54,
      48,
      52,
      47,
      51,
      50,
      45,
      44,
      22,
      53,
      46,
      28,
      32,
      30,
      33,
      31,
      23,
      34,
      29,
      24,
      25,
      26,
      36,
      35,
      27,
      41,
      40,
      42,
      43,
      37,
      38,
      39,
      4,
      6,
      7,
      5,
      1,
      3,
      2,
      10,
      9,
      11,
      12,
      13,
      8,
      18,
      16,
      15,
      17,
      19,
      14,
      20
    ],
    "org_types": [
      1,
      2,
      3
    ],
    "services": [
      6
    ]
  }
},
{
  "model": "phmi.datatype",
  "pk": 48,
  "fields": {
    "category": 6,
    "name": "Smoking cessation",
    "example_data_sets": "NHS stop smoking services quarterly monitoring return",
    "activities": [
      21,
      49,
      54,
      48,
      52,
      47,
      51,
      50,
      45,
      44,
      22,
      53,
      46,
      28,
      32,
      30,
      33,
      31,
      23,
      34,
      29,
      24,
      25,
      26,
      36,
      35,
      27,
      41,
      40,
      42,
      43,
      37,
      38,
      39,
      4,
      6,
      7,
      5,
      1,
      3,
      2,
      10,
      9,
      11,
      12,
      13,
      8,
      18,
      16,
      15,
      17,
      19,
      14,
      20
    ],
    "org_types": [
      2,
      3
    ],
    "services": [
      6
    ]
  }
},
{
  "model": "phmi.datatype",
  "pk": 49,
  "fields": {
    "category": 6,
    "name": "Cancer",
    "example_data_sets": "Cancer waiting times, national bowel cancer audit, local cancer data",
    "activities": [
      21,
      49,
      54,
      48,
      52,
      47,
      51,
      50,
      45,
      44,
      22,
      53,
      46,
      28,
      32,
      30,
      33,
      31,
      23,
      34,
      29,
      24,
      25,
      26,
      36,
      35,
      27,
      41,
      40,
      42,
      43,
      37,
      38,
      39,
      4,
      6,
      7,
      5,
      1,
      3,
      2,
      10,
      9,
      11,
      12,
      13,
      8,
      18,
      16,
      15,
      17,
      19,
      14,
      20
    ],
    "org_types": [
      2,
      3
    ],
    "services": [
      6
    ]
  }
},
{
  "model": "phmi.datatype",
  "pk": 50,
  "fields": {
    "category": 6,
    "name": "Infectious diseases",
    "example_data_sets": "Health protection data sets, local infectious diseases data",
    "activities": [
      21,
      49,
      54,
      48,
      52,
      47,
      51,
      50,
      45,
      44,
      22,
      53,
      46,
      28,
      32,
      30,
      33,
      31,
      23,
      34,
      29,
      24,
      25,
      26,
      36,
      35,
      27,
      41,
      40,
      42,
      43,
      37,
      38,
      39,
      4,
      6,
      7,
      5,
      1,
      3,
      2,
      10,
      9,
      11,
      12,
      13,
      8,
      18,
      16,
      15,
      17,
      19,
      14,
      20
    ],
    "org_types": [
      2,
      3
    ],
    "services": [
      6
    ]
  }
},
{
  "model": "phmi.datatype",
  "pk": 51,
  "fields": {
    "category": 6,
    "name": "Public health and justice",
    "example_data_sets": "Local public health and justice data sets",
    "activities": [
      21,
      49,
      54,
      48,
      52,
      47,
      51,
      50,
      45,
      44,
      22,
      53,
      46,
      28,
      32,
      30,
      33,
      31,
      23,
      34,
      29,
      24,
      25,
      26,
      36,
      35,
      27,
      41,
      40,
      42,
      43,
      37,
      38,
      39,
      4,
      6,
      7,
      5,
      1,
      3,
      2,
      10,
      9,
      11,
      12,
      13,
      8,
      18,
      16,
      15,
      17,
      19,
      14,
      20
    ],
    "org_types": [
      2,
      3
    ],
    "services": [
      6
    ]
  }
},
{
  "model": "phmi.datatype",
  "pk": 52,
  "fields": {
    "category": 7,
    "name": "Adult social care",
    "example_data_sets": "NMDS-SC (adult)",
    "activities": [
      21,
      49,
      54,
      48,
      52,
      47,
      51,
      50,
      45,
      44,
      22,
      53,
      46,
      28,
      32,
      30,
      33,
      31,
      23,
      34,
      29,
      24,
      25,
      26,
      36,
      35,
      27,
      41,
      40,
      42,
      43,
      37,
      38,
      39,
      4,
      6,
      7,
      5,
      1,
      3,
      2,
      10,
      9,
      11,
      12,
      13,
      8,
      18,
      16,
      15,
      17,
      19,
      14,
      20
    ],
    "org_types": [
      1,
      2,
      3,
      4
    ],
    "services": [
      7
    ]
  }
},
{
  "model": "phmi.datatype",
  "pk": 53,
  "fields": {
    "category": 7,
    "name": "Children's social care",
    "example_data_sets": "NMDS-SC (children)",
    "activities": [
      21,
      49,
      54,
      48,
      52,
      47,
      51,
      50,
      45,
      44,
      22,
      53,
      46,
      28,
      32,
      30,
      33,
      31,
      23,
      34,
      29,
      24,
      25,
      26,
      36,
      35,
      27,
      41,
      40,
      42,
      43,
      37,
      38,
      39,
      4,
      6,
      7,
      5,
      1,
      3,
      2,
      10,
      9,
      11,
      12,
      13,
      8,
      18,
      16,
      15,
      17,
      19,
      14,
      20
    ],
    "org_types": [
      1,
      2,
      3,
      4
    ],
    "services": [
      7
    ]
  }
},
{
  "model": "phmi.datatype",
  "pk": 54,
  "fields": {
    "category": 8,
    "name": "Specialised services",
    "example_data_sets": "Cataract data set, Badgernet, UK cystic fibrosis registry, national hip fracture database, GUMCAD, IVIG, radiotherapy data set, UKROC, national renal data set (UKRR), spinal cord injury data set, TARN",
    "activities": [
      21,
      49,
      54,
      48,
      52,
      47,
      51,
      50,
      45,
      44,
      22,
      53,
      46,
      28,
      32,
      30,
      33,
      31,
      23,
      34,
      29,
      24,
      25,
      26,
      36,
      35,
      27,
      41,
      40,
      42,
      43,
      37,
      38,
      39
    ],
    "org_types": [
      1
    ],
    "services": [
      2
    ]
  }
},
{
  "model": "phmi.datatype",
  "pk": 55,
  "fields": {
    "category": 8,
    "name": "Non-specialised services",
    "example_data_sets": "Diabetic retinopathy screening data set, VTE risk assessment data collection",
    "activities": [
      21,
      49,
      54,
      48,
      52,
      47,
      51,
      50,
      45,
      44,
      22,
      53,
      46,
      28,
      32,
      30,
      33,
      31,
      23,
      34,
      29,
      24,
      25,
      26,
      36,
      35,
      27,
      41,
      40,
      42,
      43,
      37,
      38,
      39
    ],
    "org_types": [
      1,
      2,
      3
    ],
    "services": [
      2
    ]
  }
},
{
  "model": "phmi.datatype",
  "pk": 56,
  "fields": {
    "category": 9,
    "name": "Rehabilitation",
    "example_data_sets": "Local rehabilitation data",
    "activities": [
      21,
      49,
      54,
      48,
      52,
      47,
      51,
      50,
      45,
      44,
      22,
      53,
      46,
      28,
      32,
      30,
      33,
      31,
      23,
      34,
      29,
      24,
      25,
      26,
      36,
      35,
      27,
      41,
      40,
      42,
      43,
      37,
      38,
      39,
      4,
      6,
      7,
      5,
      1,
      3,
      2,
      10,
      9,
      11,
      12,
      13,
      8,
      18,
      16,
      15,
      17,
      19,
      14,
      20
    ],
    "org_types": [
      1,
      2,
      3,
      5,
      6
    ],
    "services": [
      1,
      3
    ]
  }
},
{
  "model": "phmi.datatype",
  "pk": 57,
  "fields": {
    "category": 9,
    "name": "Dietetics",
    "example_data_sets": "Local dietetics data",
    "activities": [
      21,
      49,
      54,
      48,
      52,
      47,
      51,
      50,
      45,
      44,
      22,
      53,
      46,
      28,
      32,
      30,
      33,
      31,
      23,
      34,
      29,
      24,
      25,
      26,
      36,
      35,
      27,
      41,
      40,
      42,
      43,
      37,
      38,
      39,
      4,
      6,
      7,
      5,
      1,
      3,
      2,
      10,
      9,
      11,
      12,
      13,
      8,
      18,
      16,
      15,
      17,
      19,
      14,
      20
    ],
    "org_types": [
      1,
      2,
      3,
      5,
      6
    ],
    "services": [
      1,
      3
    ]
  }
},
{
  "model": "phmi.datatype",
  "pk": 58,
  "fields": {
    "category": 9,
    "name": "Clinical psychology",
    "example_data_sets": "Local clinical psychology data",
    "activities": [
      21,
      49,
      54,
      48,
      52,
      47,
      51,
      50,
      45,
      44,
      22,
      53,
      46,
      28,
      32,
      30,
      33,
      31,
      23,
      34,
      29,
      24,
      25,
      26,
      36,
      35,
      27,
      41,
      40,
      42,
      43,
      37,
      38,
      39,
      4,
      6,
      7,
      5,
      1,
      3,
      2,
      10,
      9,
      11,
      12,
      13,
      8,
      18,
      16,
      15,
      17,
      19,
      14,
      20
    ],
    "org_types": [
      1,
      2,
      3,
      5,
      6
    ],
    "services": [
      1,
      3,
      4
    ]
  }
},
{
  "model": "phmi.datatype",
  "pk": 59,
  "fields": {
    "category": 9,
    "name": "Orthotics",
    "example_data_sets": "Local orthotics data",
    "activities": [
      21,
      49,
      54,
      48,
      52,
      47,
      51,
      50,
      45,
      44,
      22,
      53,
      46,
      28,
      32,
      30,
      33,
      31,
      23,
      34,
      29,
      24,
      25,
      26,
      36,
      35,
      27,
      41,
      40,
      42,
      43,
      37,
      38,
      39,
      4,
      6,
      7,
      5,
      1,
      3,
      2,
      10,
      9,
      11,
      12,
      13,
      8,
      18,
      16,
      15,
      17,
      19,
      14,
      20
    ],
    "org_types": [
      1,
      2,
      3,
      5,
      6
    ],
    "services": [
      1,
      3
    ]
  }
},
{
  "model": "phmi.datatype",
  "pk": 60,
  "fields": {
    "category": 10,
    "name": "Cardiorespiratory",
    "example_data_sets": "Local cardiorespiratory data",
    "activities": [
      21,
      49,
      54,
      48,
      52,
      47,
      51,
      50,
      45,
      44,
      22,
      53,
      46,
      28,
      32,
      30,
      33,
      31,
      23,
      34,
      29,
      24,
      25,
      26,
      36,
      35,
      27,
      41,
      40,
      42,
      43,
      37,
      38,
      39,
      4,
      6,
      7,
      5,
      1,
      3,
      2,
      10,
      9,
      11,
      12,
      13,
      8,
      18,
      16,
      15,
      17,
      19,
      14,
      20
    ],
    "org_types": [
      1,
      2,
      3,
      5,
      6
    ],
    "services": [
      1,
      2,
      3
    ]
  }
},
{
  "model": "phmi.datatype",
  "pk": 61,
  "fields": {
    "category": 10,
    "name": "Diagnostic imaging",
    "example_data_sets": "DIDS, diagnostics waiting times and activity data collection",
    "activities": [
      21,
      49,
      54,
      48,
      52,
      47,
      51,
      50,
      45,
      44,
      22,
      53,
      46,
      28,
      32,
      30,
      33,
      31,
      23,
      34,
      29,
      24,
      25,
      26,
      36,
      35,
      27,
      41,
      40,
      42,
      43,
      37,
      38,
      39,
      4,
      6,
      7,
      5,
      1,
      3,
      2,
      10,
      9,
      11,
      12,
      13,
      8,
      18,
      16,
      15,
      17,
      19,
      14,
      20
    ],
    "org_types": [
      1,
      2,
      3,
      5,
      6
    ],
    "services": [
      1,
      2,
      3
    ]
  }
},
{
  "model": "phmi.datatype",
  "pk": 62,
  "fields": {
    "category": 10,
    "name": "Neurophysiology",
    "example_data_sets": "Local neurophysiology data",
    "activities": [
      21,
      49,
      54,
      48,
      52,
      47,
      51,
      50,
      45,
      44,
      22,
      53,
      46,
      28,
      32,
      30,
      33,
      31,
      23,
      34,
      29,
      24,
      25,
      26,
      36,
      35,
      27,
      41,
      40,
      42,
      43,
      37,
      38,
      39,
      4,
      6,
      7,
      5,
      1,
      3,
      2,
      10,
      9,
      11,
      12,
      13,
      8,
      18,
      16,
      15,
      17,
      19,
      14,
      20
    ],
    "org_types": [
      1,
      2,
      3,
      5,
      6
    ],
    "services": [
      1,
      2,
      3
    ]
  }
},
{
  "model": "phmi.datatype",
  "pk": 63,
  "fields": {
    "category": 10,
    "name": "Orthoptics",
    "example_data_sets": "Local orthoptics data",
    "activities": [
      21,
      49,
      54,
      48,
      52,
      47,
      51,
      50,
      45,
      44,
      22,
      53,
      46,
      28,
      32,
      30,
      33,
      31,
      23,
      34,
      29,
      24,
      25,
      26,
      36,
      35,
      27,
      41,
      40,
      42,
      43,
      37,
      38,
      39,
      4,
      6,
      7,
      5,
      1,
      3,
      2,
      10,
      9,
      11,
      12,
      13,
      8,
      18,
      16,
      15,
      17,
      19,
      14,
      20
    ],
    "org_types": [
      1,
      2,
      3,
      5,
      6
    ],
    "services": [
      1,
      2,
      3
    ]
  }
},
{
  "model": "phmi.datatype",
  "pk": 64,
  "fields": {
    "category": 11,
    "name": "Devices",
    "example_data_sets": "Community equipment, local devices data",
    "activities": [
      21,
      49,
      54,
      48,
      52,
      47,
      51,
      50,
      45,
      44,
      22,
      53,
      46,
      28,
      32,
      30,
      33,
      31,
      23,
      34,
      29,
      24,
      25,
      26,
      36,
      35,
      27,
      41,
      40,
      42,
      43,
      37,
      38,
      39,
      4,
      6,
      7,
      5,
      1,
      3,
      2,
      10,
      9,
      11,
      12,
      13,
      8,
      18,
      16,
      15,
      17,
      19,
      14,
      20
    ],
    "org_types": [
      1,
      2,
      3,
      5,
      6
    ],
    "services": [
      1,
      3,
      4,
      5
    ]
  }
},
{
  "model": "phmi.datatype",
  "pk": 65,
  "fields": {
    "category": 11,
    "name": "High cost drugs",
    "example_data_sets": "High cost drugs",
    "activities": [
      21,
      49,
      54,
      48,
      52,
      47,
      51,
      50,
      45,
      44,
      22,
      53,
      46,
      28,
      32,
      30,
      33,
      31,
      23,
      34,
      29,
      24,
      25,
      26,
      36,
      35,
      27,
      41,
      40,
      42,
      43,
      37,
      38,
      39,
      4,
      6,
      7,
      5,
      1,
      3,
      2,
      10,
      9,
      11,
      12,
      13,
      8,
      18,
      16,
      15,
      17,
      19,
      14,
      20
    ],
    "org_types": [
      1,
      2,
      3,
      5,
      6
    ],
    "services": [
      1,
      2,
      3,
      4,
      5
    ]
  }
},
{
  "model": "phmi.datatype",
  "pk": 66,
  "fields": {
    "category": 11,
    "name": "Prescribing",
    "example_data_sets": "EPS, ePACT, prescribing volumes, secondary care prescribing data",
    "activities": [
      21,
      49,
      54,
      48,
      52,
      47,
      51,
      50,
      45,
      44,
      22,
      53,
      46,
      28,
      32,
      30,
      33,
      31,
      23,
      34,
      29,
      24,
      25,
      26,
      36,
      35,
      27,
      41,
      40,
      42,
      43,
      37,
      38,
      39,
      4,
      6,
      7,
      5,
      1,
      3,
      2,
      10,
      9,
      11,
      12,
      13,
      8,
      18,
      16,
      15,
      17,
      19,
      14,
      20
    ],
    "org_types": [
      1,
      2,
      3,
      5,
      6
    ],
    "services": [
      1,
      3,
      4,
      5
    ]
  }
},
{
  "model": "phmi.datatype",
  "pk": 67,
  "fields": {
    "category": 12,
    "name": "Referrals data",
    "example_data_sets": "eReferrals, choose and book",
    "activities": [
      21,
      49,
      54,
      48,
      52,
      47,
      51,
      50,
      45,
      44,
      22,
      53,
      46,
      28,
      32,
      30,
      33,
      31,
      23,
      34,
      29,
      24,
      25,
      26,
      36,
      35,
      27,
      41,
      40,
      42,
      43,
      37,
      38,
      39,
      4,
      6,
      7,
      5,
      1,
      3,
      2,
      10,
      9,
      11,
      12,
      13,
      8,
      18,
      16,
      15,
      17,
      19,
      14,
      20
    ],
    "org_types": [
      1,
      2,
      3,
      5,
      6
    ],
    "services": [
      1,
      2,
      3,
      4,
      5,
      6,
      7
    ]
  }
},
{
  "model": "phmi.datatype",
  "pk": 68,
  "fields": {
    "category": 12,
    "name": "Waiting lists",
    "example_data_sets": "Elective admissions list, end of period census & events during period CDS types, direct access audiology priority treatment list (PTL), RTT PTLs",
    "activities": [
      21,
      49,
      54,
      48,
      52,
      47,
      51,
      50,
      45,
      44,
      22,
      53,
      46,
      28,
      32,
      30,
      33,
      31,
      23,
      34,
      29,
      24,
      25,
      26,
      36,
      35,
      27,
      41,
      40,
      42,
      43,
      37,
      38,
      39,
      4,
      6,
      7,
      5,
      1,
      3,
      2,
      10,
      9,
      11,
      12,
      13,
      8,
      18,
      16,
      15,
      17,
      19,
      14,
      20
    ],
    "org_types": [
      1,
      2,
      3
    ],
    "services": [
      1,
      2,
      3,
      4,
      5,
      6,
      7
    ]
  }
},
{
  "model": "phmi.datatype",
  "pk": 69,
  "fields": {
    "category": 12,
    "name": "Waiting times",
    "example_data_sets": "Waiting times (WT) data set",
    "activities": [
      21,
      49,
      54,
      48,
      52,
      47,
      51,
      50,
      45,
      44,
      22,
      53,
      46,
      28,
      32,
      30,
      33,
      31,
      23,
      34,
      29,
      24,
      25,
      26,
      36,
      35,
      27,
      41,
      40,
      42,
      43,
      37,
      38,
      39,
      4,
      6,
      7,
      5,
      1,
      3,
      2,
      10,
      9,
      11,
      12,
      13,
      8,
      18,
      16,
      15,
      17,
      19,
      14,
      20
    ],
    "org_types": [
      1,
      2,
      3
    ],
    "services": [
      1,
      2,
      3,
      4,
      5,
      6,
      7
    ]
  }
},
{
  "model": "phmi.datatype",
  "pk": 70,
  "fields": {
    "category": 12,
    "name": "Referral to treatment (RTT)",
    "example_data_sets": "Adjusted RTT data set, PTLs",
    "activities": [
      21,
      49,
      54,
      48,
      52,
      47,
      51,
      50,
      45,
      44,
      22,
      53,
      46,
      28,
      32,
      30,
      33,
      31,
      23,
      34,
      29,
      24,
      25,
      26,
      36,
      35,
      27,
      41,
      40,
      42,
      43,
      37,
      38,
      39,
      4,
      6,
      7,
      5,
      1,
      3,
      2,
      10,
      9,
      11,
      12,
      13,
      8,
      18,
      16,
      15,
      17,
      19,
      14,
      20
    ],
    "org_types": [
      1,
      2,
      3
    ],
    "services": [
      1,
      2,
      3,
      4,
      5
    ]
  }
},
{
  "model": "phmi.datatype",
  "pk": 71,
  "fields": {
    "category": 13,
    "name": "Patient reported outcomes",
    "example_data_sets": "PROMS",
    "activities": [
      21,
      49,
      54,
      48,
      52,
      47,
      51,
      50,
      45,
      44,
      22,
      53,
      46,
      28,
      32,
      30,
      33,
      31,
      23,
      34,
      29,
      24,
      25,
      26,
      36,
      35,
      27,
      41,
      40,
      42,
      43,
      37,
      38,
      39
    ],
    "org_types": [
      1,
      2,
      3
    ],
    "services": [
      1,
      2,
      3,
      4,
      5,
      6
    ]
  }
},
{
  "model": "phmi.datatype",
  "pk": 72,
  "fields": {
    "category": 13,
    "name": "Patient safety",
    "example_data_sets": "Surveillance of healthcare associated infections, assuring transformation",
    "activities": [
      21,
      49,
      54,
      48,
      52,
      47,
      51,
      50,
      45,
      44,
      22,
      53,
      46,
      28,
      32,
      30,
      33,
      31,
      23,
      34,
      29,
      24,
      25,
      26,
      36,
      35,
      27,
      41,
      40,
      42,
      43,
      37,
      38,
      39
    ],
    "org_types": [
      1,
      2,
      3
    ],
    "services": [
      1,
      2,
      3,
      4,
      5,
      6
    ]
  }
},
{
  "model": "phmi.datatype",
  "pk": 73,
  "fields": {
    "category": 13,
    "name": "Quality and innovation",
    "example_data_sets": "CQUIN, A&E clinical quality indicators",
    "activities": [
      21,
      49,
      54,
      48,
      52,
      47,
      51,
      50,
      45,
      44,
      22,
      53,
      46,
      28,
      32,
      30,
      33,
      31,
      23,
      34,
      29,
      24,
      25,
      26,
      36,
      35,
      27,
      41,
      40,
      42,
      43,
      37,
      38,
      39
    ],
    "org_types": [
      1,
      2,
      3
    ],
    "services": [
      1,
      2,
      3,
      4,
      5,
      6
    ]
  }
},
{
  "model": "phmi.datatype",
  "pk": 74,
  "fields": {
    "category": 13,
    "name": "Patient activation",
    "example_data_sets": "Local patient activation data",
    "activities": [],
    "org_types": [
      1,
      2,
      3
    ],
    "services": [
      1,
      2,
      3,
      4,
      5,
      6
    ]
  }
},
{
  "model": "phmi.datatype",
  "pk": 75,
  "fields": {
    "category": 13,
    "name": "Patient experience",
    "example_data_sets": "NHS patient survey",
    "activities": [
      21,
      49,
      54,
      48,
      52,
      47,
      51,
      50,
      45,
      44,
      22,
      53,
      46,
      28,
      32,
      30,
      33,
      31,
      23,
      34,
      29,
      24,
      25,
      26,
      36,
      35,
      27,
      41,
      40,
      42,
      43,
      37,
      38,
      39
    ],
    "org_types": [
      1,
      2,
      3
    ],
    "services": [
      1,
      2,
      3,
      4,
      5,
      6
    ]
  }
},
{
  "model": "phmi.datatype",
  "pk": 76,
  "fields": {
    "category": 14,
    "name": "Health care workforce",
    "example_data_sets": "ESR, GP practice workforce",
    "activities": [
      21,
      49,
      54,
      48,
      52,
      47,
      51,
      50,
      45,
      44,
      22,
      53,
      46,
      28,
      32,
      30,
      33,
      31,
      23,
      34,
      29,
      24,
      25,
      26,
      36,
      35,
      27,
      41,
      40,
      42,
      43,
      37,
      38,
      39
    ],
    "org_types": [
      1,
      2,
      3,
      5,
      6
    ],
    "services": [
      1,
      2,
      3,
      4,
      5,
      6
    ]
  }
},
{
  "model": "phmi.datatype",
  "pk": 77,
  "fields": {
    "category": 14,
    "name": "Social care workforce",
    "example_data_sets": "Local social care workforce data sets",
    "activities": [
      21,
      49,
      54,
      48,
      52,
      47,
      51,
      50,
      45,
      44,
      22,
      53,
      46,
      28,
      32,
      30,
      33,
      31,
      23,
      34,
      29,
      24,
      25,
      26,
      36,
      35,
      27,
      41,
      40,
      42,
      43,
      37,
      38,
      39
    ],
    "org_types": [
      3,
      4,
      5,
      6
    ],
    "services": [
      3,
      6,
      7
    ]
  }
},
{
  "model": "phmi.datatype",
  "pk": 78,
  "fields": {
    "category": 15,
    "name": "Crime",
    "example_data_sets": "Police data sets",
    "activities": [
      21,
      49,
      54,
      48,
      52,
      47,
      51,
      50,
      45,
      44,
      22,
      53,
      46,
      28,
      32,
      30,
      33,
      31,
      23,
      34,
      29,
      24,
      25,
      26,
      36,
      35,
      27,
      41,
      40,
      42,
      43,
      37,
      38,
      39
    ],
    "org_types": [
      1,
      2,
      3,
      4
    ],
    "services": [
      1,
      2,
      3,
      4,
      5,
      6,
      7
    ]
  }
},
{
  "model": "phmi.datatype",
  "pk": 79,
  "fields": {
    "category": 15,
    "name": "Education",
    "example_data_sets": "Educational attainment",
    "activities": [
      21,
      49,
      54,
      48,
      52,
      47,
      51,
      50,
      45,
      44,
      22,
      53,
      46,
      28,
      32,
      30,
      33,
      31,
      23,
      34,
      29,
      24,
      25,
      26,
      36,
      35,
      27,
      41,
      40,
      42,
      43,
      37,
      38,
      39
    ],
    "org_types": [
      1,
      2,
      3,
      4
    ],
    "services": [
      1,
      2,
      3,
      4,
      5,
      6,
      7
    ]
  }
},
{
  "model": "phmi.datatype",
  "pk": 80,
  "fields": {
    "category": 15,
    "name": "Fire service",
    "example_data_sets": "Fire service data sets",
    "activities": [
      21,
      49,
      54,
      48,
      52,
      47,
      51,
      50,
      45,
      44,
      22,
      53,
      46,
      28,
      32,
      30,
      33,
      31,
      23,
      34,
      29,
      24,
      25,
      26,
      36,
      35,
      27,
      41,
      40,
      42,
      43,
      37,
      38,
      39
    ],
    "org_types": [
      1,
      2,
      3,
      4
    ],
    "services": [
      1,
      2,
      3,
      4,
      5,
      6,
      7
    ]
  }
},
{
  "model": "phmi.datatype",
  "pk": 81,
  "fields": {
    "category": 15,
    "name": "Housing",
    "example_data_sets": "Local authority housing data sets",
    "activities": [],
    "org_types": [
      1,
      2,
      3,
      4
    ],
    "services": [
      1,
      2,
      3,
      4,
      5,
      6,
      7
    ]
  }
},
{
  "model": "phmi.datatype",
  "pk": 82,
  "fields": {
    "category": 15,
    "name": "Welfare",
    "example_data_sets": "Local welfare data sets",
    "activities": [],
    "org_types": [
      1,
      2,
      3,
      4
    ],
    "services": [
      1,
      2,
      3,
      4,
      5,
      6,
      7
    ]
  }
},
{
  "model": "phmi.datatype",
  "pk": 83,
  "fields": {
    "category": 15,
    "name": "Environmental",
    "example_data_sets": "Local pollution monitoring data, local environmental data",
    "activities": [
      21,
      49,
      54,
      48,
      52,
      47,
      51,
      50,
      45,
      44,
      22,
      53,
      46,
      28,
      32,
      30,
      33,
      31,
      23,
      34,
      29,
      24,
      25,
      26,
      36,
      35,
      27,
      41,
      40,
      42,
      43,
      37,
      38,
      39
    ],
    "org_types": [
      1,
      2,
      3,
      4
    ],
    "services": [
      1,
      2,
      3,
      4,
      5,
      6,
      7
    ]
  }
},
{
  "model": "phmi.datatype",
  "pk": 84,
  "fields": {
    "category": 16,
    "name": "Births",
    "example_data_sets": "ONS data",
    "activities": [
      21,
      49,
      54,
      48,
      52,
      47,
      51,
      50,
      45,
      44,
      22,
      53,
      46,
      28,
      32,
      30,
      33,
      31,
      23,
      34,
      29,
      24,
      25,
      26,
      36,
      35,
      27,
      41,
      40,
      42,
      43,
      37,
      38,
      39
    ],
    "org_types": [
      1,
      2,
      3,
      4
    ],
    "services": [
      1,
      2,
      3,
      4,
      5,
      6,
      7
    ]
  }
},
{
  "model": "phmi.datatype",
  "pk": 85,
  "fields": {
    "category": 16,
    "name": "Economic",
    "example_data_sets": "IMD",
    "activities": [
      21,
      49,
      54,
      48,
      52,
      47,
      51,
      50,
      45,
      44,
      22,
      53,
      46,
      28,
      32,
      30,
      33,
      31,
      23,
      34,
      29,
      24,
      25,
      26,
      36,
      35,
      27,
      41,
      40,
      42,
      43,
      37,
      38,
      39
    ],
    "org_types": [
      1,
      2,
      3,
      4
    ],
    "services": [
      1,
      2,
      3,
      4,
      5,
      6,
      7
    ]
  }
},
{
  "model": "phmi.datatype",
  "pk": 86,
  "fields": {
    "category": 16,
    "name": "Mortality",
    "example_data_sets": "PCMD, ONS",
    "activities": [
      21,
      49,
      54,
      48,
      52,
      47,
      51,
      50,
      45,
      44,
      22,
      53,
      46,
      28,
      32,
      30,
      33,
      31,
      23,
      34,
      29,
      24,
      25,
      26,
      36,
      35,
      27,
      41,
      40,
      42,
      43,
      37,
      38,
      39
    ],
    "org_types": [
      1,
      2,
      3,
      4
    ],
    "services": [
      1,
      2,
      3,
      4,
      5,
      6,
      7
    ]
  }
},
{
  "model": "phmi.datatype",
  "pk": 87,
  "fields": {
    "category": 16,
    "name": "Population",
    "example_data_sets": "NHAIS, census, PDS",
    "activities": [
      21,
      49,
      54,
      48,
      52,
      47,
      51,
      50,
      45,
      44,
      22,
      53,
      46,
      28,
      32,
      30,
      33,
      31,
      23,
      34,
      29,
      24,
      25,
      26,
      36,
      35,
      27,
      41,
      40,
      42,
      43,
      37,
      38,
      39
    ],
    "org_types": [
      1,
      2,
      3,
      4
    ],
    "services": [
      1,
      2,
      3,
      4,
      5,
      6,
      7
    ]
  }
},
{
  "model": "phmi.datatype",
  "pk": 88,
  "fields": {
    "category": 16,
    "name": "Socio-economic",
    "example_data_sets": "CACI, ACORN",
    "activities": [],
    "org_types": [
      1,
      2,
      3,
      4
    ],
    "services": [
      1,
      2,
      3,
      4,
      5,
      6,
      7
    ]
  }
},
{
  "model": "phmi.datatype",
  "pk": 89,
  "fields": {
    "category": 16,
    "name": "Survey",
    "example_data_sets": "Health survey for england, understanding society, national diet & nutrition survey, household for England survey, active lines survey",
    "activities": [
      21,
      49,
      54,
      48,
      52,
      47,
      51,
      50,
      45,
      44,
      22,
      53,
      46,
      28,
      32,
      30,
      33,
      31,
      23,
      34,
      29,
      24,
      25,
      26,
      36,
      35,
      27,
      41,
      40,
      42,
      43,
      37,
      38,
      39
    ],
    "org_types": [
      1,
      2,
      3,
      4
    ],
    "services": [
      1,
      2,
      3,
      4,
      5,
      6,
      7
    ]
  }
},
{
  "model": "phmi.datatype",
  "pk": 90,
  "fields": {
    "category": 16,
    "name": "Residential",
    "example_data_sets": "UPRN",
    "activities": [
      21,
      49,
      54,
      48,
      52,
      47,
      51,
      50,
      45,
      44,
      22,
      53,
      46,
      28,
      32,
      30,
      33,
      31,
      23,
      34,
      29,
      24,
      25,
      26,
      36,
      35,
      27,
      41,
      40,
      42,
      43,
      37,
      38,
      39
    ],
    "org_types": [
      1,
      2,
      3,
      4
    ],
    "services": [
      1,
      2,
      3,
      4,
      5,
      6,
      7
    ]
  }
},
{
  "model": "phmi.lawfulbasis",
  "pk": 1,
  "fields": {
    "name": "DUTY: To provide services for rare and very rare conditions",
    "number": 47
  }
},
{
  "model": "phmi.lawfulbasis",
  "pk": 2,
  "fields": {
    "name": "DUTY: To provide primary medical services",
    "number": 24
  }
},
{
  "model": "phmi.lawfulbasis",
  "pk": 3,
  "fields": {
    "name": "DUTY: To exercise relevant public health functions",
    "number": 5
  }
},
{
  "model": "phmi.lawfulbasis",
  "pk": 4,
  "fields": {
    "name": "DUTY: To provide health service for prisoners",
    "number": 44
  }
},
{
  "model": "phmi.lawfulbasis",
  "pk": 5,
  "fields": {
    "name": "DUTY: To provide health services to the armed forces",
    "number": 46
  }
},
{
  "model": "phmi.lawfulbasis",
  "pk": 6,
  "fields": {
    "name": "DUTY: To provide community dental services",
    "number": 45
  }
},
{
  "model": "phmi.lawfulbasis",
  "pk": 7,
  "fields": {
    "name": "DUTY: To provide high secure  psychiatric services",
    "number": 3
  }
},
{
  "model": "phmi.lawfulbasis",
  "pk": 8,
  "fields": {
    "name": "DUTY: To provide primary ophthalmic services",
    "number": 25
  }
},
{
  "model": "phmi.lawfulbasis",
  "pk": 9,
  "fields": {
    "name": "DUTY: To provide pharmaceutical services",
    "number": 26
  }
},
{
  "model": "phmi.lawfulbasis",
  "pk": 10,
  "fields": {
    "name": "DUTY:  To provide mental health after care services",
    "number": 48
  }
},
{
  "model": "phmi.lawfulbasis",
  "pk": 11,
  "fields": {
    "name": "DUTY:  To assess the performance of CCGs",
    "number": 23
  }
},
{
  "model": "phmi.lawfulbasis",
  "pk": 12,
  "fields": {
    "name": "DUTY: Assessment and provisions of NHS continuing healthcare",
    "number": 49
  }
},
{
  "model": "phmi.lawfulbasis",
  "pk": 13,
  "fields": {
    "name": "DUTY: To commission hospital accommodation, medical, ophthalmic, nursing and ambulance service",
    "number": 2
  }
},
{
  "model": "phmi.lawfulbasis",
  "pk": 14,
  "fields": {
    "name": "DUTY:   Co-operation with social services regarding the provision of NHS continuing healthcare",
    "number": 54
  }
},
{
  "model": "phmi.lawfulbasis",
  "pk": 15,
  "fields": {
    "name": "DUTY: Improving quality of primary medical services",
    "number": 10
  }
},
{
  "model": "phmi.lawfulbasis",
  "pk": 16,
  "fields": {
    "name": "DUTY: Provide services to improve public health",
    "number": 17
  }
},
{
  "model": "phmi.lawfulbasis",
  "pk": 17,
  "fields": {
    "name": "DUTY:  To provide dental public health services",
    "number": 31
  }
},
{
  "model": "phmi.lawfulbasis",
  "pk": 18,
  "fields": {
    "name": "DUTY: To co-operate with CCGs and NHS England",
    "number": 30
  }
},
{
  "model": "phmi.lawfulbasis",
  "pk": 19,
  "fields": {
    "name": "DUTIES: Social care (various)",
    "number": 20
  }
},
{
  "model": "phmi.lawfulbasis",
  "pk": 20,
  "fields": {
    "name": "DUTY (NHS Trust Only): Provision of NHS goods and services",
    "number": 1
  }
},
{
  "model": "phmi.lawfulbasis",
  "pk": 21,
  "fields": {
    "name": "DUTY (NHS FT Only): Delivery of NHS goods and services",
    "number": 4
  }
},
{
  "model": "phmi.legaljustification",
  "pk": 1,
  "fields": {
    "name": "Duty: To promote a comprehensive health service",
    "details": "Duty to promote a comprehensive health service, designed to secure the improvement in the physical and mental health of people in England and the prevention, diagnoses and treatment of illness.\n\nNHS England is subject to this duty alongside the Secretary of State, except for that part of the health service that is delivered in pursuit of public health functions of the Secretary of State or local authorities. \n(NHS Act 2006, S1H(2))",
    "activities": [
      55
    ],
    "statutes": [],
    "org_types": [
      1
    ]
  }
},
{
  "model": "phmi.legaljustification",
  "pk": 2,
  "fields": {
    "name": "Power: To do anything that will facilitate the discharge of functions under the 2006 Act",
    "details": "NHS England has the power to do anything calculated to facilitate, or is conducive or incidental to the discharge of any function given to NHS England under the 2006 Act.\n\nThis includes, for example, the carrying out of counter-fraud/ security measures.\n\n(NHS Act 2006, section 2, NHS Act 2006, section 195(2) regarding counter-fraud/ security measures)\n",
    "activities": [
      55
    ],
    "statutes": [],
    "org_types": [
      1,
      2
    ]
  }
},
{
  "model": "phmi.legaljustification",
  "pk": 3,
  "fields": {
    "name": "Duty: To provide high secure  psychiatric services",
    "details": "NHS England has a duty to provide secure psychiatric premises for people who are liable to be detained under the Mental Health Act 1983 and need treating in a high security environment.\n(NHS Act 2006, S4, HSCA 2012, S16)",
    "activities": [],
    "statutes": [],
    "org_types": [
      1
    ]
  }
},
{
  "model": "phmi.legaljustification",
  "pk": 4,
  "fields": {
    "name": "Power: Performance of functions outside England",
    "details": "NHS England can arrange for services to be provided outside of England if this relates to:\n\n* holidays for patients\n* the transfer of patients to or from Scotland, Northern Ireland, the Isle of Man or the Channel Islands, or\n* the return of patients who have received treatment in England and Wales, to countries or territories outside the British Islands (including for this purpose the Republic of Ireland). \n\n (NHS Act 2006 s6)",
    "activities": [],
    "statutes": [],
    "org_types": [
      1
    ]
  }
},
{
  "model": "phmi.legaljustification",
  "pk": 5,
  "fields": {
    "name": "Duty: To exercise relevant public health functions",
    "details": "The Secretary of State for Health can require NHS England to carry out some of his public health tasks.  The Secretary of State\u2019s requirements are set out annually in the Public Health Functions Agreement.\n\nMore detail on what public health functions NHS England carries out under the agreement can be found here:\nhttps://www.england.nhs.uk/commissioning/pub-hlth-res/\n\n(NHS Act 2006 , section 7A)",
    "activities": [
      21,
      22,
      41,
      40,
      42,
      38,
      39
    ],
    "statutes": [],
    "org_types": [
      1
    ]
  }
},
{
  "model": "phmi.legaljustification",
  "pk": 6,
  "fields": {
    "name": "Power: To assist SoS in providing health services and exercising public health functions",
    "details": "SSection 12 empowers the Secretary of State to make arrangements with any person or body to provide, or assist in providing, anything that the Secretary of State has a duty or power to provide, or arrange for the provision of, under section 2A or 2B or Schedule 1 of the 2006 Act, as amended (the Secretary of State\u2019s duty as to the protection of public health and the improvement of public health respectively).\n\n(NHS Act 2006, S12, HSCA 2012, s22)",
    "activities": [
      21,
      22,
      41,
      40,
      42,
      38,
      39
    ],
    "statutes": [],
    "org_types": [
      1
    ]
  }
},
{
  "model": "phmi.legaljustification",
  "pk": 7,
  "fields": {
    "name": "Power: To make direct payments to patients",
    "details": "NHS England can secure the delivery of services to a patient by making a direct payment to the patient/ their nominee for the services.  NHS England can work with other organisations to deliver direct payments, including voluntary organisations.\n\nFurther detail is set out in regulations.\n\n(NHS Act 2006, section 12A\nNational Health Service (Direct Payments) Regulations 2013)",
    "activities": [
      34,
      35,
      37
    ],
    "statutes": [],
    "org_types": [
      1,
      2,
      4
    ]
  }
},
{
  "model": "phmi.legaljustification",
  "pk": 8,
  "fields": {
    "name": "Duty: To exercise functions efficiently",
    "details": "NHS England must exercise its functions effectively, efficiently and economically.\n(NHS Act 2006, s13D)",
    "activities": [
      55
    ],
    "statutes": [],
    "org_types": [
      1
    ]
  }
},
{
  "model": "phmi.legaljustification",
  "pk": 9,
  "fields": {
    "name": "Duty: To secure continuous improvement in the quality of services",
    "details": "Duty on NHS England to exercise its functions with a view to securing continuous improvement in the quality of health and public health services provided to individuals.\n(NHS Act 2006, S13E, HSCA 2012 S23)",
    "activities": [
      55
    ],
    "statutes": [],
    "org_types": [
      1
    ]
  }
},
{
  "model": "phmi.legaljustification",
  "pk": 10,
  "fields": {
    "name": "Duty: To reduce health inequalities",
    "details": "When carrying out its functions NHS England must have regard to the need to:\n\n* reduce inequalities in relation to accessing health services\n* reduce inequalities between patients that relate to the provision of healthcare services\n(NHS Act 2006, section 13G)",
    "activities": [
      55
    ],
    "statutes": [],
    "org_types": [
      1
    ]
  }
},
{
  "model": "phmi.legaljustification",
  "pk": 11,
  "fields": {
    "name": "Duty: To promote integrated health services",
    "details": "NHS England has a duty to exercise its functions with a view to ensuring that health services are provided in an integrated way where this would:\n\n* improve quality of health services (including outcomes) or\n* reduce inequalities of access to health services or\n* reduce inequalities of outcomes achieved by health services\n\n(NHS Act 2006, s13N(1))",
    "activities": [
      55
    ],
    "statutes": [],
    "org_types": [
      1
    ]
  }
},
{
  "model": "phmi.legaljustification",
  "pk": 12,
  "fields": {
    "name": "Duty: To promote integration between health services and health-related services",
    "details": "NHS England has a duty to exercise its functions with a view to ensuring that health services are integrated with the provision of health-related services and social care services where this would: \n\n* improve quality of health services (including outcomes) or\n* reduce inequalities of access to health services or\n* reduce inequalities of outcomes achieved by health services\n\n\u201cHealth-related services\u201d includes any service that has an effect on the health of individuals but that is not a health or social care service e.g. housing.\n\n(NHS Act 2006, s13N(2))",
    "activities": [
      55
    ],
    "statutes": [],
    "org_types": [
      1
    ]
  }
},
{
  "model": "phmi.legaljustification",
  "pk": 13,
  "fields": {
    "name": "Duty: to encourage the use of section 75 agreements between CCGs and local authorities",
    "details": "NHS England must also encourage CCGs to enter into arrangements with local authorities for the delivery of health services (section 75 agreements) where it considers that this would secure:\n\n* the better integration of health services; or\n* the better integration of health services with health-related services\n\nAnd:\n\n* improve quality of health services (including outcomes) or\n* reduce inequalities of access to health services or\n* reduce inequalities of outcomes achieved by health services\n\n(NHS Act 2006, section 13N(3))",
    "activities": [],
    "statutes": [],
    "org_types": [
      1
    ]
  }
},
{
  "model": "phmi.legaljustification",
  "pk": 14,
  "fields": {
    "name": "Power: To generate income",
    "details": "NHS England has the power to raise additional income in some circumstances, provided this does not interfere to a significant extent with the performance by NHS England of its functions.\n\nNHS England can raise extra income through:\n\n* acquiring, producing, manufacturing or supplying goods\n* acquiring land by agreement and management of the land\n* providing instructions to any person\n* developing and exploiting with intellectual property\n* an appropriate action which will facilitate one of the above\n* making appropriate charges relating to any such power as listed above.\n\n(NHS Act 2006, s13W)\n",
    "activities": [
      54
    ],
    "statutes": [],
    "org_types": [
      1,
      2
    ]
  }
},
{
  "model": "phmi.legaljustification",
  "pk": 15,
  "fields": {
    "name": "Duty: Enabling patient choice",
    "details": "NHS England must act with a view to enabling patients to make choices with respect to aspects of health services provided to them.\n(NHS Act 2006, section 13I)",
    "activities": [
      32,
      30,
      33,
      29
    ],
    "statutes": [],
    "org_types": [
      1,
      2
    ]
  }
},
{
  "model": "phmi.legaljustification",
  "pk": 16,
  "fields": {
    "name": "Duty: To promote innovation",
    "details": "NHS England must promote innovation in the provision of health services, including innovative approaches to commissioning.\n(NHS Act 2006, s13K)",
    "activities": [
      33,
      55
    ],
    "statutes": [],
    "org_types": [
      1,
      2
    ]
  }
},
{
  "model": "phmi.legaljustification",
  "pk": 17,
  "fields": {
    "name": "Duty: To promote research",
    "details": "NHS England must promote research relevant to the health service and the use of such research in the health service.\n(NHS Act 2006, s13L)",
    "activities": [
      49,
      54,
      48,
      52,
      47,
      51,
      50,
      45,
      44,
      53,
      46,
      33,
      41
    ],
    "statutes": [],
    "org_types": [
      1
    ]
  }
},
{
  "model": "phmi.legaljustification",
  "pk": 18,
  "fields": {
    "name": "Duty: Understand impact of commissioning decisions on provision of services to Welsh and Scottish residents",
    "details": "NHS England must have regard to the likely impact of its commissioning decisions on the provision of health services to people who live in an area of Wales or Scotland that is close to the border with England.  (NHS Act 2006 s13O, s23  HSCA 2012)",
    "activities": [],
    "statutes": [],
    "org_types": [
      1
    ]
  }
},
{
  "model": "phmi.legaljustification",
  "pk": 19,
  "fields": {
    "name": "Duty: Public and patient involvement",
    "details": "NHS England must involve the public and the patients in decisions including:\n\n* the planning of commissioning arrangements\n* decisions made that affect the manner services are delivered or the range of services provided\n\n(NHS Act 2006, s13Q)",
    "activities": [
      50,
      44,
      25,
      26,
      37,
      38,
      39
    ],
    "statutes": [],
    "org_types": [
      1,
      2
    ]
  }
},
{
  "model": "phmi.legaljustification",
  "pk": 20,
  "fields": {
    "name": "Duty: To collect and analyse information relating to safety of services",
    "details": "NHS England may:\n\n* Establish and operate systems for collecting and analysing information relating to the safety of the services provided by the health service.  Such information and analyses of it must be made available to other appropriate persons.\n* Give advice and guidance, to such persons as it considers appropriate, for the purpose of maintaining and improving the safety of the services provided by the health service and monitor the effectiveness of the advice and guidance.\n\n(NHS Act 2006, S13R, HSCA 2012, s23)",
    "activities": [
      32,
      30,
      31,
      26,
      37
    ],
    "statutes": [],
    "org_types": [
      1
    ]
  }
},
{
  "model": "phmi.legaljustification",
  "pk": 21,
  "fields": {
    "name": "Power: To provide assistance and support to CCGs",
    "details": "NHS England may provide assistance or support to a CCG.  This can include the provision of information.\n(NHS Act 2006, s14Z1)",
    "activities": [],
    "statutes": [],
    "org_types": [
      1
    ]
  }
},
{
  "model": "phmi.legaljustification",
  "pk": 22,
  "fields": {
    "name": "Duty: Issue guidance on commissioning to CCGs",
    "details": "NHS England must publish guidance for CCGs on the discharge of their commissioning functions.\n(NHS Act 2006, section 14Z8)",
    "activities": [],
    "statutes": [],
    "org_types": [
      1
    ]
  }
},
{
  "model": "phmi.legaljustification",
  "pk": 23,
  "fields": {
    "name": "Duty: To assess the performance of CCGs",
    "details": "Each year NHS England must assess the performance of each CCG.\n(NHS Act 2006, section 14Z16)",
    "activities": [
      28,
      34
    ],
    "statutes": [],
    "org_types": [
      1
    ]
  }
},
{
  "model": "phmi.legaljustification",
  "pk": 24,
  "fields": {
    "name": "Duty: To provide primary medical services",
    "details": "NHS England must secure the provision of primary medical services.\n(NHS Act 2006, S83(1), HSCA 2012, Sched 4, p30)",
    "activities": [],
    "statutes": [],
    "org_types": [
      1
    ]
  }
},
{
  "model": "phmi.legaljustification",
  "pk": 25,
  "fields": {
    "name": "Duty: To provide primary ophthalmic services",
    "details": "NHS England must secure the provision of primary ophthalmic services, in accordance with detailed regulations.  This includes sight-testing.\n(NHS Act 2007, S115)",
    "activities": [],
    "statutes": [],
    "org_types": [
      1
    ]
  }
},
{
  "model": "phmi.legaljustification",
  "pk": 26,
  "fields": {
    "name": "Duty: To provide pharmaceutical services",
    "details": "NHS England must make arrangements for the provision of pharmaceutical services, in accordance with various regulations.\n(Schedule 4, paragraph 63, HSCA 2012). (NHS Act 2009, S126)",
    "activities": [],
    "statutes": [],
    "org_types": [
      1
    ]
  }
},
{
  "model": "phmi.legaljustification",
  "pk": 27,
  "fields": {
    "name": "Power: To supply local authorities with goods, services and facilities",
    "details": "NHS England has the power to supply to local authorities (and such public bodies as the Secretary of State may determine) any goods or materials of a kind used in the health service.\n\nIt also has a power to make available to local authorities any facilities the provision of which is arranged by NHS England, any facilities of NHS England, and the services of persons employed by NHS England (e.g. secondments).\n\nNHS England can also arrange for the carrying out of maintenance work in connection with any land or building for the maintenance of which a local authority is responsible.\n\n(NHS Act 2006, s80)",
    "activities": [],
    "statutes": [],
    "org_types": [
      1,
      2
    ]
  }
},
{
  "model": "phmi.legaljustification",
  "pk": 28,
  "fields": {
    "name": "Duty: To pay CCGs to meet their expenditure",
    "details": "Section 223G requires NHS England to make a contribution in each financial year to each CCG.\n(NHS Act 2006, S223G, HSCA 2012, S27)",
    "activities": [
      28,
      29,
      27
    ],
    "statutes": [],
    "org_types": [
      1
    ]
  }
},
{
  "model": "phmi.legaljustification",
  "pk": 29,
  "fields": {
    "name": "Power: Integration funding",
    "details": "NHS England can require that CCGs put some of their funding into a pooled fund to spend on integration, and attach conditions to that funding.\n(NHS Act 2006, s223GA)",
    "activities": [],
    "statutes": [],
    "org_types": [
      1
    ]
  }
},
{
  "model": "phmi.legaljustification",
  "pk": 30,
  "fields": {
    "name": "Power: To make payments to CCGs in respect of quality of services",
    "details": "Under section 223K, the NHSCB has the ability, after the end of a financial year, to make a payment to a CCG in respect of quality. Section 223K(2) specifies that at least one of the prescribed factors must be taken into account by the NHSCB when determining whether to make a payment under section 223K. These factors include:\n\n* The quality of relevant services provided;\n* Any improvement in quality in comparison to the previous financial years;\n* Achievement of outcomes identified for the financial year.\n\nNHS England has the ability, after the end of a financial year, to make a payment to a CCG in respect of quality. At least one of the following factors must be taken into account by the NHS England:\n\n* The quality of relevant services provided\n* Any improvement in quality in comparison to the previous financial years\n* Outcomes for the financial year.\n\nNHS England may also take into account either or both of the following factors:\n\n* Relevant inequalities identified during the financial year\n* Any reduction in relevant inequalities identified during that year in comparison to those identified during the previous financial years.\n\n(NHS Act 2006, section 223K National Health Service (Clinical Commissioning Groups \u2013 Payments in Respect of Quality) Regulations 2013, SI 2013/474)\n",
    "activities": [
      28,
      23,
      34,
      29,
      27
    ],
    "statutes": [],
    "org_types": [
      1
    ]
  }
},
{
  "model": "phmi.legaljustification",
  "pk": 31,
  "fields": {
    "name": "Power: To make a contribution to local authority costs",
    "details": "NHS England can make payments to local authorities towards the costs incurred by local authorities regarding particular social services and housing functions.\n(NHS Act 2006, section 256)\n\n",
    "activities": [],
    "statutes": [],
    "org_types": [
      1,
      2
    ]
  }
},
{
  "model": "phmi.legaljustification",
  "pk": 32,
  "fields": {
    "name": "Power: To conduct research",
    "details": "NHS England may conduct, commission or assist the conduct of research into:\n\n* any matters relating to the causation, prevention, diagnosis or treatment of illness; and\n* any other matters connected with the health service that NHS England considers appropriate.\n\n(NHS Act 2006, Sched 1 p13)",
    "activities": [
      49,
      54,
      48,
      52,
      47,
      51,
      50,
      45,
      44,
      53,
      46
    ],
    "statutes": [],
    "org_types": [
      1,
      2,
      4
    ]
  }
},
{
  "model": "phmi.legaljustification",
  "pk": 33,
  "fields": {
    "name": "Power: To obtain and analyse data",
    "details": "NHS England can obtain and analyse data or other information for any purpose connected with the exercise of its functions in relation to the health service\n(NHS Act 2006, Schedule 1, paragraph 13(3))",
    "activities": [
      55
    ],
    "statutes": [],
    "org_types": [
      1,
      2,
      3,
      4
    ]
  }
},
{
  "model": "phmi.legaljustification",
  "pk": 34,
  "fields": {
    "name": "Duty: To co-operate with NHS bodies when delivering care functions",
    "details": "A NHS England  must co-operate with local authorities and vice versa, when providing care services to adults, support services to carers and other related services\n(Care Act 2014, section 6)",
    "activities": [
      55
    ],
    "statutes": [],
    "org_types": [
      1,
      2,
      3,
      4
    ]
  }
},
{
  "model": "phmi.legaljustification",
  "pk": 35,
  "fields": {
    "name": "Duty: To work with local authorities to improve the well-being of young children",
    "details": "NHS England has a duty to work with the local authority in connection with the authority\u2019s arrangements for improving well-being etc. of young children.\n(Children Act 2006, s4)",
    "activities": [],
    "statutes": [],
    "org_types": [
      1,
      2
    ]
  }
},
{
  "model": "phmi.legaljustification",
  "pk": 36,
  "fields": {
    "name": "Duty: To help local authorities support children and families",
    "details": "NHS England has a duty to comply with any request from a local authority to help exercise any of its functions relating to support for children and families if compatible with the CCG\u2019s own functions.\n(Children Act 1989, s27)",
    "activities": [],
    "statutes": [],
    "org_types": [
      1,
      2,
      5
    ]
  }
},
{
  "model": "phmi.legaljustification",
  "pk": 37,
  "fields": {
    "name": "Duty: To make arrangements for safeguarding and promoting the welfare of children",
    "details": "Duty for NHS England to make arrangements to ensure that when carrying out its functions regard is had to the need to safeguard and promote the welfare of children. (Children Act 2004 s11)",
    "activities": [],
    "statutes": [],
    "org_types": [
      1,
      2
    ]
  }
},
{
  "model": "phmi.legaljustification",
  "pk": 38,
  "fields": {
    "name": "Duty: Eliminate discrimination, harassment and victimisation and advance equality of opportunity",
    "details": "Duty for NHS England to have due regard to the need to:\n\n* eliminate unlawful discrimination, harassment and victimisation\n* advance equality of opportunity between persons who share a relevant \u201cprotected characteristic\u201d (e.g. ethnicity, gender) and persons who do not and\n* foster good relations between persons who share a relevant protected characteristic and persons who do not.\n\n(Equalities Act 2010, s149, schedule 19, part 1.)",
    "activities": [
      55
    ],
    "statutes": [],
    "org_types": [
      1,
      2,
      3,
      4,
      5
    ]
  }
},
{
  "model": "phmi.legaljustification",
  "pk": 39,
  "fields": {
    "name": "Duty: To share information",
    "details": "NHS England must share information about patients for whom it is responsible with other health and social care organisations involved in their care.  (There are various carve outs.)  Note that this provision does not enable the sharing of data that breaches the Data Protection Act 1998, the common law duty of confidence or the common law duty of care.\n(Health and Social Care Act 2012, section 251B)",
    "activities": [
      55,
      12
    ],
    "statutes": [],
    "org_types": [
      1,
      2,
      3,
      4,
      5
    ]
  }
},
{
  "model": "phmi.legaljustification",
  "pk": 40,
  "fields": {
    "name": "Duty: To consider the economic, social and environmental benefits to be achieved through commissioning",
    "details": "General duty on NHS England to consider the economic, environmental and social benefits that can be achieved through commissioning.\n(Public Services (Social Value) Act 2012, S1)",
    "activities": [
      35,
      43,
      37,
      38,
      39
    ],
    "statutes": [],
    "org_types": [
      1,
      2,
      4,
      5
    ]
  }
},
{
  "model": "phmi.legaljustification",
  "pk": 41,
  "fields": {
    "name": "Duty: To provide healthy start vitamins",
    "details": "NHS England must arrange for the provision of Healthy Start vitamins if it provides, or arranges for the provision of, maternity services or a child health clinic.\n(Healthy Start Scheme and Welfare Foods (Amendment) Regulations 2005, regulation 8A)",
    "activities": [],
    "statutes": [],
    "org_types": [
      1,
      2
    ]
  }
},
{
  "model": "phmi.legaljustification",
  "pk": 42,
  "fields": {
    "name": "Power: To enter into section 75 agreements with CCGs, providers and local authorities",
    "details": "NHS England can carry out the \u201chealth functions\u201d and \u201chealth related functions\u201d of a local authority, CCG NHS Trust, NHS Foundation Trust and vice versa if it enters into an agreement with that organisation that complies with the regulations. These agreements are often called section 75 agreements.\n\nIn practice this means that NHS England can carry out the functions of other organisations.\n\nThese arrangements can only be made in relation to health functions and health related functions.  These terms are defined in detail in the regulations.  Details of what functions are being carried out by which organisation will be contained in the section 75 agreement itself.\n\n(NHS and Local Authorities Partnership Arrangements Regulations 2000)",
    "activities": [],
    "statutes": [],
    "org_types": [
      1,
      5
    ]
  }
},
{
  "model": "phmi.legaljustification",
  "pk": 43,
  "fields": {
    "name": "Power: To enter in to and manage framework agreements for the purchase of services, drugs and medicines",
    "details": "NHS England may conclude and manage framework agreements to facilitate the purchase and supply of a service, drug, medicine or other substance or product that is provided as part of the health service.\n(National Health Service Commissioning Board (Additional Functions) Regulations 2017, Regulation 4)",
    "activities": [],
    "statutes": [],
    "org_types": [
      1
    ]
  }
},
{
  "model": "phmi.legaljustification",
  "pk": 44,
  "fields": {
    "name": "Duty: To provide health service for prisoners",
    "details": "NHSCB must arrange, to the extent as it considers necessary to meet all reasonable requirements, provision of services for prisoners and other detainees\n(NHS Commissioning Board and Clinical Commissioning Groups (Responsibilities and Standing Rules) 2012, Part 3)",
    "activities": [],
    "statutes": [],
    "org_types": [
      1
    ]
  }
},
{
  "model": "phmi.legaljustification",
  "pk": 45,
  "fields": {
    "name": "Duty: To provide community dental services",
    "details": "NHSCB must arrange, to the extent as it considers necessary to meet all reasonable requirements, provision of community dental services\n(NHS Commissioning Board and Clinical Commissioning Groups (Responsibilities and Standing Rules) 2012, Part 3)",
    "activities": [],
    "statutes": [],
    "org_types": [
      1
    ]
  }
},
{
  "model": "phmi.legaljustification",
  "pk": 46,
  "fields": {
    "name": "Duty: To provide health services to the armed forces",
    "details": "NHSCB must arrange, to the extent as it considers necessary to meet all reasonable requirements, provision of services for serving members of the armed forces and their families\n(NHS Commissioning Board and Clinical Commissioning Groups (Responsibilities and Standing Rules) 2012, Part 3)",
    "activities": [],
    "statutes": [],
    "org_types": [
      1
    ]
  }
},
{
  "model": "phmi.legaljustification",
  "pk": 47,
  "fields": {
    "name": "Duty: To provide services for rare and very rare conditions",
    "details": "NHSCB must arrange, to the extent as it considers necessary to meet all reasonable requirements, provision of specified service for rare and very conditions; and\n(NHS Commissioning Board and Clinical Commissioning Groups (Responsibilities and Standing Rules) 2012, Part 3)",
    "activities": [],
    "statutes": [],
    "org_types": [
      1
    ]
  }
},
{
  "model": "phmi.legaljustification",
  "pk": 48,
  "fields": {
    "name": "Duty: To provide mental health after care services",
    "details": "NHS England has a duty to arrange for the provision of mental health after care services if these fall within the services that NHS England must arrange under the NHS Act 2006.\n(NHS Commissioning Board and Clinical Commissioning Groups (Responsibilities and Standing Rules) Regulations 2012, Part 4)",
    "activities": [],
    "statutes": [],
    "org_types": [
      1
    ]
  }
},
{
  "model": "phmi.legaljustification",
  "pk": 49,
  "fields": {
    "name": "Duty: Assessment and provisions of NHS continuing healthcare",
    "details": "When it is commissioning services NHS England has a duty to assess whether someone is eligible for a package of care funded by the NHS to meet physical or mental health needs which have arisen as a result of disability, accident or illness.\n\n(NHS Commissioning Board and Clinical Commissioning Groups (Responsibilities and Standing Rules) Regulations 2012, regulation 21)",
    "activities": [],
    "statutes": [],
    "org_types": [
      1
    ]
  }
},
{
  "model": "phmi.legaljustification",
  "pk": 50,
  "fields": {
    "name": "Duty: Co-operation with social services regarding the provision of NHS continuing healthcare",
    "details": "NHS England must co-operate with the relevant local authority regarding continue healthcare services to patients.\n(NHS Commissioning Board and Clinical Commissioning Groups (Responsibilities and Standing Rules) Regulations 2012, regulation 22",
    "activities": [
      23
    ],
    "statutes": [],
    "org_types": [
      1,
      2
    ]
  }
},
{
  "model": "phmi.legaljustification",
  "pk": 51,
  "fields": {
    "name": "Duty: Arrangement of personal health budgets",
    "details": "NHS England must ensure that it is able to arrange personal health budgets for the delivery of NHS continuing healthcare.\n(NHS Commissioning Board and Clinical Commissioning Groups (Responsibilities and Standing Rules) Regulations 2012, regulation 32B)",
    "activities": [
      28,
      23,
      27
    ],
    "statutes": [],
    "org_types": [
      1,
      2
    ]
  }
},
{
  "model": "phmi.legaljustification",
  "pk": 52,
  "fields": {
    "name": "Duty: To ensure that patients requiring an elective referral are offered a choice of provider",
    "details": "NHS England must ensure that patients for whom it is responsible for commissioning care and who need an elective referral are given a choice of provider.\n(NHS Commissioning Board and Clinical Commissioning Groups (Responsibilities and Standing Rules) Regulations 2012, regulation 39)",
    "activities": [
      32,
      30,
      33,
      34,
      29,
      36,
      35
    ],
    "statutes": [],
    "org_types": [
      1,
      2
    ]
  }
},
{
  "model": "phmi.legaljustification",
  "pk": 53,
  "fields": {
    "name": "Duty: To make arrangements to meet waiting times standards",
    "details": "NHS England must make arrangements to meet the waiting times targets.\n(NHS Commissioning Board and Clinical Commissioning Groups (Responsibilities and Standing Rules) Regulations 2012, regulation 45)",
    "activities": [
      32,
      30,
      33,
      34,
      29,
      36,
      35
    ],
    "statutes": [],
    "org_types": [
      1,
      2
    ]
  }
},
{
  "model": "phmi.legaljustification",
  "pk": 54,
  "fields": {
    "name": "Duty: To make arrangements to offer an alternative provider",
    "details": "NHS England must offer an alternative provider in some circumstances\n(NHS Commissioning Board and Clinical Commissioning Groups (Responsibilities and Standing Rules) Regulations 2012, regulations 48 and 53.)",
    "activities": [
      32,
      30,
      33,
      34,
      29,
      36,
      35
    ],
    "statutes": [],
    "org_types": [
      1,
      2
    ]
  }
},
{
  "model": "phmi.legaljustification",
  "pk": 55,
  "fields": {
    "name": "Duty: To make arrangements for urgent cancer appointments",
    "details": "NHS England must make arrangements to meet the waiting times targets for cancer treatment.\n(NHS Commissioning Board and Clinical Commissioning Groups (Responsibilities and Standing Rules) Regulations 2012, regulation 52)",
    "activities": [
      32,
      30,
      33,
      34,
      29,
      36,
      35
    ],
    "statutes": [],
    "org_types": [
      1,
      2
    ]
  }
},
{
  "model": "phmi.legaljustification",
  "pk": 56,
  "fields": {
    "name": "Duty: To ensure buying decisions are fair and improve quality and efficiency of healthcare services",
    "details": "Decisions made by NHS England about the purchase of healthcare services (excluding pharmaceutical services) must be transparent and fair, and improve the quality and efficiency of healthcare services for patients. In particular NHS England must act with a view to:\n\n* (a) Securing the needs of the people who use the services\n* (b) Improving the quality of the services\n* (c) Improving efficiency in the provisions of the services.\n\n(NHS (Procurement, Patient Choice and Competition) (No.2) Regulations 2013)\n",
    "activities": [
      28,
      32,
      30,
      34,
      29,
      35,
      27
    ],
    "statutes": [],
    "org_types": [
      1,
      2
    ]
  }
},
{
  "model": "phmi.legaljustification",
  "pk": 57,
  "fields": {
    "name": "Duty: To promote individual wellbeing",
    "details": "When carrying out their functions under the Care Act 2014, local authorities must act in a way to promote an individual\u2019s well-being.  Well-being includes physical and mental health, as well as broader factors like participation in work or training.\n\n(Care Act 2014, s1)",
    "activities": [
      55
    ],
    "statutes": [],
    "org_types": [
      3,
      4
    ]
  }
},
{
  "model": "phmi.legaljustification",
  "pk": 58,
  "fields": {
    "name": "Power: To provide preventative services",
    "details": "A local authority must provide services that:\n\n* Help prevent or delay the need of adults for care and support\n* Help prevent or delay the need of carers for support\n* Reduce the need of adults for care and support\n* Reduce the needs of carers for support\n\nWhen doing this, a local authority must have regard to services/ resources already available in its area and consider whether these services/ resource can be used.  This will include any services offered by NHS England and/ or CCGs.\n\n(Care Act 2014, s2)",
    "activities": [],
    "statutes": [],
    "org_types": [
      4
    ]
  }
},
{
  "model": "phmi.legaljustification",
  "pk": 59,
  "fields": {
    "name": "Duty: To carry out functions with the aim of integrating services",
    "details": "Local authorities must carry out their care functions with a view \"to ensuring the integration of care and support provision with health provision and health-related provision\u201d.  Health-related provision excludes social care services. (Care Act 2014, s3)",
    "activities": [
      55
    ],
    "statutes": [],
    "org_types": [
      3,
      4
    ]
  }
},
{
  "model": "phmi.legaljustification",
  "pk": 60,
  "fields": {
    "name": "Duty: To provide information and advice about care and support",
    "details": "Local authorities must establish and maintain a service for providing people in its area with information and advice relating to care and support for adults and support for carers. (Care Act 2014, s4)",
    "activities": [],
    "statutes": [],
    "org_types": [
      4
    ]
  }
},
{
  "model": "phmi.legaljustification",
  "pk": 61,
  "fields": {
    "name": "Duty: To meet the care and support needs of eligible adults",
    "details": "In certain circumstances, a local authority must meet the care and support needs of individuals meeting the eligibility criteria.\n\nThis cannot include providing services that the NHS is required to deliver unless:\n\n* doing so is ancillary to other services that are being provided; and\n* the service of a nature that the local authority could be expected to provide.\n\n(Care Act 2014, s18)",
    "activities": [
      55
    ],
    "statutes": [],
    "org_types": [
      4
    ]
  }
},
{
  "model": "phmi.legaljustification",
  "pk": 62,
  "fields": {
    "name": "Power: To meet the care and support needs of eligible adults",
    "details": "In certain circumstances, a local authority has discretion as to whether it meets the care and support needs of individuals meeting the eligibility criteria if the section 18 duty does not apply.\n\nThis cannot include providing services that the NHS is required to deliver unless:\n\n* doing so is ancillary to other services that are being provided; and\n* the service of a nature that the local authority could be expected to provide.\n\n(Care Act 2014, s19)\n",
    "activities": [
      55
    ],
    "statutes": [],
    "org_types": [
      4
    ]
  }
},
{
  "model": "phmi.legaljustification",
  "pk": 63,
  "fields": {
    "name": "Duty: To meet the support needs of eligible carers",
    "details": "In certain circumstances, a local authority must meet the support needs of carers meeting the eligibility criteria.\n\nThis cannot include providing services that the NHS is required to deliver unless:\n\n* doing so is ancillary to other services that are being provided; and\n* the service of a nature that the local authority could be expected to provide.\n\n(Care Act 2014, s20)",
    "activities": [
      55
    ],
    "statutes": [],
    "org_types": [
      4
    ]
  }
},
{
  "model": "phmi.legaljustification",
  "pk": 64,
  "fields": {
    "name": "Power: To meet the support needs of eligible carers",
    "details": "In certain circumstances, a local authority has discretion as to whether it meets the support needs of individuals meeting the eligibility criteria if the section 20 duty does not apply.\n\nThis cannot include providing services that the NHS is required to deliver unless:\n\n* doing so is ancillary to other services that are being provided; and\n* the service of a nature that the local authority could be expected to provide.\n\n(Care Act 2014, s20)\n",
    "activities": [
      55
    ],
    "statutes": [],
    "org_types": [
      4
    ]
  }
},
{
  "model": "phmi.legaljustification",
  "pk": 65,
  "fields": {
    "name": "Power: To delegate some care functions under the Care Act 2014",
    "details": "Local authorities can delegate:\n* their care and support functions under the Care Act 2014\n* after care duties under section 117 of the Mental Health Act 1983\n\nHowever, this does not include duties to promote integration and co-operate with other bodies, safeguarding and charging.  These cannot be delegated.\n\n(Care Act 2014, s79)\n",
    "activities": [],
    "statutes": [],
    "org_types": [
      4
    ]
  }
},
{
  "model": "phmi.legaljustification",
  "pk": 66,
  "fields": {
    "name": "Duty: To make direct payments to meet care needs",
    "details": "In some circumstances, local authorities must make direct payments to meet care needs.  Such needs can include after-care under the Mental Health Act 1983.  Detail is set out in regulations.\n(Care Act 2014, sections 31, 32 and 33, Schedule 4\nCare and Support (Direct Payments) Regulations 2014)",
    "activities": [],
    "statutes": [],
    "org_types": [
      4
    ]
  }
},
{
  "model": "phmi.legaljustification",
  "pk": 67,
  "fields": {
    "name": "Duty: To improve the well-being of and reduce inequalities for children",
    "details": "A local authority must improve the well-being of and reduce inequalities between children in its area, including health inequalities. (Childcare Act 2006, s1)",
    "activities": [
      55
    ],
    "statutes": [],
    "org_types": [
      3,
      4
    ]
  }
},
{
  "model": "phmi.legaljustification",
  "pk": 68,
  "fields": {
    "name": "Duty: To co-operate with NHS England and CCGs when assessing the risks posed by offenders",
    "details": "Local authorities must make arrangements for managing the risks posed by some offenders.  In doing so they must co-operate with NHS England and CCGs.\n(Criminal Justice Act 2003, section 325)",
    "activities": [],
    "statutes": [],
    "org_types": [
      4
    ]
  }
},
{
  "model": "phmi.legaljustification",
  "pk": 69,
  "fields": {
    "name": "Duty: To assess certain patients for eligibility for welfare provision",
    "details": "Local authorities must make arrangements to assess people who have been an in-patient for one period of at least six months for treatment of a mental disorder to assess whether they are eligible for welfare services.  They must co-operate with any CCG that is also carrying out an assessment.\n(Disabled Persons (Services, Consultation and Representation) Act 1986, s7)\n",
    "activities": [],
    "statutes": [],
    "org_types": [
      4
    ]
  }
},
{
  "model": "phmi.legaljustification",
  "pk": 70,
  "fields": {
    "name": "Duties: To deliver education services (various)",
    "details": "Local authorities are subject to various duties under different legislation to provide education services. (Education Act 1996, section 578)",
    "activities": [],
    "statutes": [],
    "org_types": [
      4
    ]
  }
},
{
  "model": "phmi.legaljustification",
  "pk": 71,
  "fields": {
    "name": "Power: To delegate to Health & Wellbeing Board",
    "details": "A local authority may arrange for a Health and Wellbeing Board established by it to exercise any functions that are usually carried out by the authority.  This does not apply to review and scrutiny functions.\n\n(Health and Social Care Act 2012, section 196)\n",
    "activities": [],
    "statutes": [],
    "org_types": [
      4
    ]
  }
},
{
  "model": "phmi.legaljustification",
  "pk": 72,
  "fields": {
    "name": "Power: To supply/ receive goods and services",
    "details": "Local authorities may supply CCGs and NHS England with:\n\n* goods or materials\n* administrative, professional or technical services \n* vehicles, plant or other apparatus, including associated staff.\n\nThis does not permit local authorities to construct any buildings\n\n(Local Authorities (Goods and Services) Act 1970, section 1)\n",
    "activities": [],
    "statutes": [],
    "org_types": [
      4
    ]
  }
},
{
  "model": "phmi.legaljustification",
  "pk": 73,
  "fields": {
    "name": "Duties: Social care (various)",
    "details": "Local authorities are subject to various duties under different legislation to provide social care services.\n\n(Local Authority Social Services Act 1970, Schedule 1)\n",
    "activities": [],
    "statutes": [],
    "org_types": [
      4
    ]
  }
},
{
  "model": "phmi.legaljustification",
  "pk": 74,
  "fields": {
    "name": "Duty: To prepare a joint strategic needs assessment",
    "details": "Local authorities must prepare a joint strategic needs assessment with the relevant local authority and a joint health and wellbeing strategy to meet those needs. (Local Government and Public Involvement in Health Act 2007, section 116 & 116A)",
    "activities": [
      34,
      36,
      35,
      41,
      40,
      43,
      38
    ],
    "statutes": [],
    "org_types": [
      2,
      4
    ]
  }
},
{
  "model": "phmi.legaljustification",
  "pk": 75,
  "fields": {
    "name": "Duty: To ensure the involvement of local people in decision-making",
    "details": "Local authorities must make contractual arrangements to:\n\n* enable the involvement of local people in the commissioning, provision and scrutiny of local health and social care services\n* obtain the views of local people about their need for and experience of local health and social care services.\n\n(Local Government and Public Involvement in Health Act 2007, s221)",
    "activities": [],
    "statutes": [],
    "org_types": [
      4
    ]
  }
},
{
  "model": "phmi.legaljustification",
  "pk": 76,
  "fields": {
    "name": "Power: To provide recreational facilities",
    "details": "Local authorities may provide recreational facilities, for example sports centres, swimming pools, tennis courts, outdoor sports pitches.  This can include the provision of staff and facilities connected with any recreational facilities, like parking spaces and refreshment facilities. (Local Government (Miscellaneous Provisions) Act 1976, s19)\n",
    "activities": [],
    "statutes": [],
    "org_types": [
      4
    ]
  }
},
{
  "model": "phmi.legaljustification",
  "pk": 77,
  "fields": {
    "name": "Power: General Power",
    "details": "Local authorities can generally do anything that an individual can do, subject to any limitations that:\n\n* were in place before the Localism Act 2011 came into force; or\n* were put in place after the Localism Act was passed and are expressly said to apply.\n\nThere are some other restrictions.\n\nThis power is intended to be very broad.  It can cover doing things for a commercial purpose i.e. to generate income and charging for services.\n\n(Localism Act 2011, s1-4)",
    "activities": [],
    "statutes": [],
    "org_types": [
      4
    ]
  }
},
{
  "model": "phmi.legaljustification",
  "pk": 78,
  "fields": {
    "name": "Duty: Providing after care of patients with mental health problems",
    "details": "Local authorities must, together with the CCG and relevant voluntary agencies, arrange for the provision of after care for persons previously detained under the Mental Health Act, at the time that they cease to be detained. Such after care should be provided until the local social services authority is satisfied that such services are no longer required.\n\n(Mental Health Act 1983, s117)",
    "activities": [],
    "statutes": [],
    "org_types": [
      4
    ]
  }
},
{
  "model": "phmi.legaljustification",
  "pk": 79,
  "fields": {
    "name": "Duty: To make arrangements for independent mental health advocates",
    "details": "Local authorities must make reasonable arrangements to make sure that independent mental health advocates are available to help certain types of patient. (Mental Health Act 1983, section 130A)",
    "activities": [],
    "statutes": [],
    "org_types": [
      4
    ]
  }
},
{
  "model": "phmi.legaljustification",
  "pk": 80,
  "fields": {
    "name": "Duty: To exercise any functions delegated to the local authority by the Secretary of State",
    "details": "The Secretary of State duties under the NHS Act 2006 can in some circumstances be delegated to local authorities and combined authorities.\n\n(NHS Act 2006, section 13ZA)\nRegulations 2012",
    "activities": [
      55
    ],
    "statutes": [],
    "org_types": [
      3,
      4
    ]
  }
},
{
  "model": "phmi.legaljustification",
  "pk": 81,
  "fields": {
    "name": "Duty: To make services available to NHS bodies",
    "details": "Each local authority must make services available to NHS England and CCGs acting in its area to help them discharge their functions under the NHS Act 2006.  However, a local authority only has to do what is reasonable and practicable. (NHS Act 2006, section 74(3))",
    "activities": [
      55
    ],
    "statutes": [],
    "org_types": [
      3,
      4
    ]
  }
},
{
  "model": "phmi.legaljustification",
  "pk": 82,
  "fields": {
    "name": "Power: To enter into section 75 agreements with NHS England or local authorities",
    "details": "Local authorities can enter into section 75 agreements with CCGs and/ or NHS England for the delivery of health services and health-related services.  This means that local authorities can carry out some of the functions of CCGs and/or NHS England and vice versa. (NHS Act 2006, s75, NHS Bodies and Local Authorities Partnership Agreements 2000)",
    "activities": [],
    "statutes": [],
    "org_types": [
      4
    ]
  }
},
{
  "model": "phmi.legaljustification",
  "pk": 83,
  "fields": {
    "name": "Power: To make payments to CCGs and NHS England",
    "details": "Local authorities can make payments to CCGs and/or NHS England, provided this is for one of the purposes set out in regulations.  \n\n(NHS Act 2006, section 76, NHS Bodies and Local Authorities (Partnership Arrangements, Care Trusts, Public Health and Local Healthwatch) , Regulation 13)",
    "activities": [],
    "statutes": [],
    "org_types": [
      4
    ]
  }
},
{
  "model": "phmi.legaljustification",
  "pk": 84,
  "fields": {
    "name": "Duty: To co-operate with CCGs and NHS England",
    "details": "Local authorities have a duty to cooperate with CCGs and NHS England. (NHS Act 2006, section 82)",
    "activities": [
      55
    ],
    "statutes": [],
    "org_types": [
      3,
      4
    ]
  }
},
{
  "model": "phmi.legaljustification",
  "pk": 85,
  "fields": {
    "name": "Power: To provide premises, furniture or equipment",
    "details": "Local authorities responsible for delivering social care services can provide premises, furniture or equipment to a CCG or NHS England for any of the purposes of the NHS Act 2006.  These purposes include the provision of NHS services and the promotion of public health. (NHS Act 2006, s254)\n",
    "activities": [],
    "statutes": [],
    "org_types": [
      4
    ]
  }
},
{
  "model": "phmi.legaljustification",
  "pk": 86,
  "fields": {
    "name": "Duty (nhs trust only): Provision of NHS goods and services",
    "details": "NHS Trusts provide goods and services for the purposes of the NHS. (NHS Act 2006, s25)",
    "activities": [
      55,
      7,
      1,
      2,
      14
    ],
    "statutes": [],
    "org_types": [
      5
    ]
  }
},
{
  "model": "phmi.legaljustification",
  "pk": 87,
  "fields": {
    "name": "Duty (nhs trust only): Delivery of services set out in Establishment Order (various)",
    "details": "NHS Trusts must deliver the services set out in their Establishment Order.  This will usually refer to the locations at which the Trust is to deliver NHS Services.  It may also include reference to teaching and research facilities\n\n(NHS Act 2006, section 25, Various Establishment Orders \u2013 there is one for each NHS Trust)",
    "activities": [],
    "statutes": [],
    "org_types": [
      5
    ]
  }
},
{
  "model": "phmi.legaljustification",
  "pk": 88,
  "fields": {
    "name": "Duty (nhs trust only): Efficient delivery of functions",
    "details": "An NHS Trust must exercise its functions effectively, efficiently and economically. (NHS Act 2006, s26)",
    "activities": [
      55,
      4,
      6,
      5,
      3,
      10,
      9,
      11,
      13,
      8,
      18,
      16,
      15,
      17,
      19,
      20
    ],
    "statutes": [],
    "org_types": [
      5
    ]
  }
},
{
  "model": "phmi.legaljustification",
  "pk": 89,
  "fields": {
    "name": "Duty (nhs ft only): Delivery of NHS goods and services",
    "details": "The principal purpose of an NHS Foundation Trust is to  provide goods and services for the purposes of the NHS in England   (NHS Act 2006, s43(1))",
    "activities": [
      55
    ],
    "statutes": [],
    "org_types": [
      5
    ]
  }
},
{
  "model": "phmi.legaljustification",
  "pk": 90,
  "fields": {
    "name": "Power (nhs ft only): Provision of  goods/ services related to healthcare or public health",
    "details": "An NHS Foundation Trust may provide goods and services for any purposes related to:\n\n* the provision of services to individuals for or in connection with the prevention, diagnosis or treatment of illness\n* the promotion and protection of public health\n\n(NHS Act 2006, s43(2))",
    "activities": [
      55
    ],
    "statutes": [],
    "org_types": [
      5
    ]
  }
},
{
  "model": "phmi.legaljustification",
  "pk": 91,
  "fields": {
    "name": "Power (nhs ft only): Income generation",
    "details": "An NHS Foundation Trust can carry on additional activities to generate additional income that helps it better deliver NHS care. (NHS Act 2006, s43(3))",
    "activities": [],
    "statutes": [],
    "org_types": [
      5
    ]
  }
},
{
  "model": "phmi.legaljustification",
  "pk": 92,
  "fields": {
    "name": "Power (nhs ft only): To charge for accommodation or extra services",
    "details": "An NHS Foundation Trust may charge patients for accommodation or non-NHS services. (NHS Act 2006, s44)",
    "activities": [],
    "statutes": [],
    "org_types": [
      5
    ]
  }
},
{
  "model": "phmi.legaljustification",
  "pk": 93,
  "fields": {
    "name": "Power (nhs ft only): General Power",
    "details": "An NHS Foundation Trust can do anything that appears to it to be necessary or expedient for the purpose of or in connection with its functions. (NHS Act 2006, s47)",
    "activities": [],
    "statutes": [],
    "org_types": [
      5
    ]
  }
},
{
  "model": "phmi.legaljustification",
  "pk": 94,
  "fields": {
    "name": "Duty (nhs ft only): Efficient exercise of functions",
    "details": "An NHS Foundation Trust must exercise its functions effectively, efficiently and economically. (NHS Act 2006, s63)",
    "activities": [
      55
    ],
    "statutes": [],
    "org_types": [
      5
    ]
  }
},
{
  "model": "phmi.legaljustification",
  "pk": 95,
  "fields": {
    "name": "Duty: NHS bodies to co-operate",
    "details": "Duty for NHS bodies to co-operate with each other in exercising their functions  (NHS Act 2006, s72)",
    "activities": [
      55
    ],
    "statutes": [],
    "org_types": [
      5
    ]
  }
},
{
  "model": "phmi.legaljustification",
  "pk": 96,
  "fields": {
    "name": "Power (nhs trust only): General Power",
    "details": "An NHS Trust can do anything that appears to it to be necessary or expedient for the purpose of or in connection with its functions. (NHS Act 2006, Schedule 4, paragraph 14)",
    "activities": [],
    "statutes": [],
    "org_types": [
      5
    ]
  }
},
{
  "model": "phmi.legaljustification",
  "pk": 97,
  "fields": {
    "name": "Power (nhs trust only): Research",
    "details": "An NHS Trust can undertake and commission research.  It can also make staff and facilities available to other people or organisations carrying out research. (NHS Act 2006, Schedule 4, paragraph 16)",
    "activities": [],
    "statutes": [],
    "org_types": [
      5
    ]
  }
},
{
  "model": "phmi.legaljustification",
  "pk": 98,
  "fields": {
    "name": "Power (nhs trust only): Joint exercise of functions",
    "details": "An NHS Trust can arrange to carry out its functions jointly with any other organisation. (NHS Act 2006, Schedule 4, paragraph 18)",
    "activities": [
      55
    ],
    "statutes": [],
    "org_types": [
      5
    ]
  }
},
{
  "model": "phmi.legaljustification",
  "pk": 99,
  "fields": {
    "name": "Power (nhs trust only): Charges for accommodation or extra services",
    "details": "An NHS Trust may charge patients for accommodation or non-NHS services provided this does not interfere with NHS services.  In some cases approval is needed from the Department of Health. (NHS Act 2006, Schedule 4, paragraph 19)\n",
    "activities": [],
    "statutes": [],
    "org_types": [
      5
    ]
  }
},
{
  "model": "phmi.legaljustification",
  "pk": 100,
  "fields": {
    "name": "Power (nhs trust only): Income generation",
    "details": "An NHS Trust can carry on additional activities to generate additional income that helps it better deliver NHS care provided this does not interfere with NHS services.  In some cases approval is needed from the Department of Health.\n\nNHS Trusts can raise extra income through:\n\n* acquiring, producing, manufacturing or supplying goods; \n* acquiring land by agreement and management of the land;\n* providing instructions to any person; \n* developing and exploiting with intellectual property;\n* an appropriate action which will facilitate one of the above; and \n* making appropriate charges relating to any such power as listed above.\n\n(NHS Act 2006, Schedule 4, paragraph 20)",
    "activities": [],
    "statutes": [],
    "org_types": [
      5
    ]
  }
},
{
  "model": "phmi.legaljustification",
  "pk": 101,
  "fields": {
    "name": "Duty: Public involvement",
    "details": "NHS Trusts and Foundation Trusts must make arrangements for involving the public and patients in:\n\n* the planning of services\n* the development of proposals for changes in the way those services are provided\n* decisions about the operations of those services\n\n(NHS Act 2006, s242)",
    "activities": [],
    "statutes": [],
    "org_types": [
      5
    ]
  }
},
{
  "model": "phmi.legaljustification",
  "pk": 102,
  "fields": {
    "name": "Power: Be partnership organisations",
    "details": "Ability for NHS Trusts and Foundation Trusts to second/ offer the services of Trust/ Foundation Trust staff to local authorities and vice versa. (Local Government Act 1972 s113 (1A))",
    "activities": [
      55
    ],
    "statutes": [],
    "org_types": [
      2,
      5
    ]
  }
},
{
  "model": "phmi.legaljustification",
  "pk": 103,
  "fields": {
    "name": "Duty: To commission hospital accommodation, medical, ophthalmic, nursing and ambulance service",
    "details": "A  CCG must arrange for the provision of health services to meet the reasonable requirements of the persons for whom it has responsibility. These health services include:\n\n* hospital accommodation\n* any other accommodation needed for the delivery of services under the NHS Act 2006\n* medical, ophthalmic, nursing and ambulance services.\n* services for the care of pregnant women, women who are breastfeeding and young children \n* other services or facilities for the prevention of illness, the care of persons suffering from illness and the after-care of persons who have suffered from illness \n* other services needed for the diagnosis and treatment of illness\n\nIf there is overlap between this duty on CCGs and any duty on NHS England to provide services, then the CCG duty will not apply. \n\n(NHS Act 2006, section 3)\n",
    "activities": [],
    "statutes": [],
    "org_types": [
      2
    ]
  }
},
{
  "model": "phmi.legaljustification",
  "pk": 104,
  "fields": {
    "name": "Power: To commission certain other health services",
    "details": "Each CCG provide the healthcare services that it considers appropriate for the purposes of the health service that relate to securing improvement in \u2013\n(a) the physical and mental health of persons for whom it has responsibility; or\n(b) the prevention, diagnosis and treatment of illness in those persons.\nThese services cannot include high security psychiatric services that NHS England has to deliver, or any services that the Secretary of State has ordered NHS England to deliver.\n\n(NHS Act 2006, section 3A)\n",
    "activities": [],
    "statutes": [],
    "org_types": [
      2
    ]
  }
},
{
  "model": "phmi.legaljustification",
  "pk": 105,
  "fields": {
    "name": "Power: Arrange of performance of functions outside England",
    "details": "A CCG can arrange for services to be provided outside of England if this relates to:\n\n* holidays for patients\n* the transfer of patients to or from Scotland, Northern Ireland, the Isle of Man or the Channel Islands, or    \n* the return of patients who have received treatment in England and Wales, to countries or territories outside the British Islands (including for this purpose the Republic of Ireland).\n\n(NHS Act 2006 s6 (1A))",
    "activities": [],
    "statutes": [],
    "org_types": [
      2
    ]
  }
},
{
  "model": "phmi.legaljustification",
  "pk": 106,
  "fields": {
    "name": "Power: To assist Secretary of State in providing health services and exercising public health functions",
    "details": "The Secretary of State for Health can require a CCG to carry out some of his public health tasks.  \n\n(NHS Act 2006, section 7A)\n",
    "activities": [
      55
    ],
    "statutes": [],
    "org_types": [
      2
    ]
  }
},
{
  "model": "phmi.legaljustification",
  "pk": 107,
  "fields": {
    "name": "Duty: To exercise any functions delegated to the CCG by the Secretary of State",
    "details": "The Secretary of State duties under the NHS Act 2006 can be delegated to CCGs. (NHS Act 2006, section 13Z)",
    "activities": [
      55
    ],
    "statutes": [],
    "org_types": [
      2
    ]
  }
},
{
  "model": "phmi.legaljustification",
  "pk": 108,
  "fields": {
    "name": "Duty: Exercise its functions efficiently",
    "details": "Duty to exercise its functions effectively, efficiently and economically.  (NHS Act 2006, s14Q)\n",
    "activities": [
      55
    ],
    "statutes": [],
    "org_types": [
      2
    ]
  }
},
{
  "model": "phmi.legaljustification",
  "pk": 109,
  "fields": {
    "name": "Duty: Securing continuous improvement in quality of services provided to individuals",
    "details": "Duty on CCGs to exercise their functions with a view to securing continuous improvement in the quality of health services provided to individuals  (NHS Act 2006, s14R)\n",
    "activities": [
      55
    ],
    "statutes": [],
    "org_types": [
      2
    ]
  }
},
{
  "model": "phmi.legaljustification",
  "pk": 110,
  "fields": {
    "name": "Duty: Improving quality of primary medical services",
    "details": "Duty to support NHS England to deliver NHS England\u2019s duty secure continuous improvement in the quality of primary medical services. (NHS Act 2006, s14S HSCA 2012 s26)",
    "activities": [
      22,
      32,
      30,
      29,
      26,
      41,
      42,
      38,
      39
    ],
    "statutes": [],
    "org_types": [
      2
    ]
  }
},
{
  "model": "phmi.legaljustification",
  "pk": 111,
  "fields": {
    "name": "Duty: Reduce health inequalities",
    "details": "When carrying out their functions CCGs must have regard to the need to:\n\n* reduce inequalities in relation to accessing health services\n* reduce inequalities between patients that relate to the provision of healthcare services \n\n(NHS Act 2006, s14T)",
    "activities": [
      55
    ],
    "statutes": [],
    "org_types": [
      2
    ]
  }
},
{
  "model": "phmi.legaljustification",
  "pk": 112,
  "fields": {
    "name": "Duty: To promote the involvement of each patient",
    "details": "CCGs must promote the involvement of patients, and their carers and representatives (if any), in decisions which relate to:\n\n* the prevention or diagnosis of illness in the patients, or\n* their care or treatment.\n\n(NHS Act 2006, section 14U)\n",
    "activities": [
      50,
      44,
      25,
      26,
      37,
      38,
      39
    ],
    "statutes": [],
    "org_types": [
      2
    ]
  }
},
{
  "model": "phmi.legaljustification",
  "pk": 113,
  "fields": {
    "name": "Duty: Research",
    "details": "CCGs must promote research relevant to the health service and the use of such research in the health service. (NHS Act 2006, s14Y)\n",
    "activities": [
      49,
      54,
      48,
      52,
      47,
      51,
      50,
      45,
      44,
      53,
      46,
      33,
      41
    ],
    "statutes": [],
    "org_types": [
      2
    ]
  }
},
{
  "model": "phmi.legaljustification",
  "pk": 114,
  "fields": {
    "name": "Duty: to promote integrated health services",
    "details": "CCGs have a duty to exercise their functions with a view to ensuring that health services are provided in an integrated way where this would:\n\n* improve quality of health services (including outcomes) or\n* reduce inequalities of access to health services or\n* reduce inequalities of outcomes achieved by health services\n\n(NHS Act 2006, section 14Z1(1))\n",
    "activities": [
      55
    ],
    "statutes": [],
    "org_types": [
      2
    ]
  }
},
{
  "model": "phmi.legaljustification",
  "pk": 115,
  "fields": {
    "name": "Duty: to promote integration between health services and health-related services",
    "details": "CCGs have a duty to exercise their functions with a view to ensuring that health services are integrated with the provision of health-related services and social care services where this would: \n\n* improve quality of health services (including outcomes) or\n* reduce inequalities of access to health services or\n* reduce inequalities of outcomes achieved by health services\n\n\u201cHealth-related services\u201d includes any service that has an effect on the health of individuals but that is not a health or social care service e.g. housing.\n\n(NHS Act 2006, s14Z(2))",
    "activities": [
      55
    ],
    "statutes": [],
    "org_types": [
      2
    ]
  }
},
{
  "model": "phmi.legaljustification",
  "pk": 116,
  "fields": {
    "name": "Power: For a CCG to deliver services jointly with another CCG",
    "details": "CCGs can exercise their functions jointly, or on behalf of one another.  This means that one CCG can take on the functions of another. (NHS Act 2006, section 14Z3)",
    "activities": [
      55
    ],
    "statutes": [],
    "org_types": [
      2
    ]
  }
},
{
  "model": "phmi.legaljustification",
  "pk": 117,
  "fields": {
    "name": "Power: For a CCG to deliver services jointly with a combined authority",
    "details": "CCGs can exercise their functions jointly with a combined authority.  (A combined authority is type of group of local authorities.) (NHS Act 2006, s14Z3A)\n",
    "activities": [
      55
    ],
    "statutes": [],
    "org_types": [
      2
    ]
  }
},
{
  "model": "phmi.legaljustification",
  "pk": 118,
  "fields": {
    "name": "Power: For a CCG to deliver services jointly with a Local Health Board",
    "details": "CCGs can exercise their functions jointly with Local Health Boards.  (A Local Health Board is a public sector organisation in Wales that commissions healthcare services.) (NHS Act 2006, section 14Z4)\n",
    "activities": [
      34
    ],
    "statutes": [],
    "org_types": [
      2
    ]
  }
},
{
  "model": "phmi.legaljustification",
  "pk": 119,
  "fields": {
    "name": "Power: For NHS England to deliver CCG services instead of or jointly with a CCG",
    "details": "CCGs can deliver their functions jointly with NHS England, or NHS England can deliver the functions on behalf of the CCG (NHS Act 2006, s14Z9)\n",
    "activities": [
      55
    ],
    "statutes": [],
    "org_types": [
      2
    ]
  }
},
{
  "model": "phmi.legaljustification",
  "pk": 120,
  "fields": {
    "name": "Duty: Payments to providers to NHS England specification",
    "details": "Duty to be adhere to any NHS England document published under section 14Z7 (payments to providers). (NHS Act 2006 s14Z7, HSCA s26)",
    "activities": [
      28,
      27
    ],
    "statutes": [],
    "org_types": [
      2
    ]
  }
},
{
  "model": "phmi.legaljustification",
  "pk": 121,
  "fields": {
    "name": "Power: To enter into section 75 agreements with NHSE, CCGs, providers and local authorities",
    "details": "CCGs can enter into section 75 agreements with local authorities for the delivery of health services and health-related services.  This means that local authorities can carry out some of the functions of CCGs and vice versa.\n\n(NHS Act 2006, section 75\nNHS Bodies and Local Authorities Partnership Agreements 2000)",
    "activities": [],
    "statutes": [],
    "org_types": [
      2
    ]
  }
},
{
  "model": "phmi.legaljustification",
  "pk": 122,
  "fields": {
    "name": "Duty: To make CCG facilities available to local authorities",
    "details": "CCGs must make available to local authorities any services or facilities the provision of which is arranged by the CCG, the services of persons employed by the CCG, and any facilities of the CCG, so far as is reasonably necessary to enable local authorities to discharge their functions relating to social services, education and public health.\n\n(NHS Act 2006, section 80(6A))\n",
    "activities": [
      55
    ],
    "statutes": [],
    "org_types": [
      2
    ]
  }
},
{
  "model": "phmi.legaljustification",
  "pk": 123,
  "fields": {
    "name": "Duty: To comply with Better Care Fund conditions",
    "details": "CCGs must comply with any conditions attached to Better Care Funding. (NHS Act 2006, section 223GA)\n",
    "activities": [],
    "statutes": [],
    "org_types": [
      2
    ]
  }
},
{
  "model": "phmi.legaljustification",
  "pk": 124,
  "fields": {
    "name": "Duty: To not go in to deficit",
    "details": "Each CCG has a duty to perform its functions for each financial year so as to ensure that its expenditure does not exceed its income for that year. (NHS Act 2006, s223H)\n",
    "activities": [
      28,
      34,
      27
    ],
    "statutes": [],
    "org_types": [
      2
    ]
  }
},
{
  "model": "phmi.legaljustification",
  "pk": 125,
  "fields": {
    "name": "Duty: Take appropriate steps in an emergency",
    "details": "Each CCG must take appropriate steps to secure that it is properly prepared for dealing with relevant emergencies. (NHS Act 2006 s252A and HSCA s46)",
    "activities": [],
    "statutes": [],
    "org_types": [
      2
    ]
  }
},
{
  "model": "phmi.legaljustification",
  "pk": 126,
  "fields": {
    "name": "Power: Provision of wheelchairs and vehicles",
    "details": "A CCG may provide vehicles (including wheelchairs) to people who have a physical impairment that has a substantial and long-term adverse effect on their ability to carry out normal day-to-day activities. (NHS Act 2006 Schedule 1, paragraph 9)\n",
    "activities": [],
    "statutes": [],
    "org_types": [
      2
    ]
  }
},
{
  "model": "phmi.legaljustification",
  "pk": 127,
  "fields": {
    "name": "Duty: To co-operate with local authorities",
    "details": "CCGs have a duty to cooperate with local authorities. (NHS Act 2006, s82)\n",
    "activities": [
      55
    ],
    "statutes": [],
    "org_types": [
      2
    ]
  }
},
{
  "model": "phmi.legaljustification",
  "pk": 128,
  "fields": {
    "name": "Duty: To work with local authorities regarding adoption services",
    "details": "CCGs have a duty to work with local authorities in respect of the need to maintain adoption services via the provision of facilities for this purpose (Adoption and Children Act 2002, s4)",
    "activities": [
      35,
      37
    ],
    "statutes": [],
    "org_types": [
      2
    ]
  }
},
{
  "model": "phmi.legaljustification",
  "pk": 129,
  "fields": {
    "name": "Duty: To reduce drug and alcohol abuse",
    "details": "CCGs have a duty to work in co-operation with the police to formulate and implement a strategy to reduce the use of drugs, alcohol and other substances reduce reoffending and reduce crime and disorder (Crime and Disorder Act 1998, section 5)",
    "activities": [],
    "statutes": [],
    "org_types": [
      2
    ]
  }
},
{
  "model": "phmi.legaljustification",
  "pk": 130,
  "fields": {
    "name": "Duty: To make arrangements for needs assessments for services after discharge",
    "details": "CCGs must make arrangements for an assessment of the needs of a long-term in-patients who have been receiving medical treatment for mental disorder, to inform the provision of services in relation to the discharge of a patient from hospital\n\n(Disabled Persons (Services, Consultation and Representation) Act 1986, s7)\n",
    "activities": [],
    "statutes": [],
    "org_types": [
      2
    ]
  }
},
{
  "model": "phmi.legaljustification",
  "pk": 131,
  "fields": {
    "name": "Duty: To help local authorities deliver special educational needs services",
    "details": "CCGs have a duty to assist a local authority in the discharge of its special educational needs functions at the request of the local authority. (Education Act 1996, s322)\n",
    "activities": [],
    "statutes": [],
    "org_types": [
      2
    ]
  }
},
{
  "model": "phmi.legaljustification",
  "pk": 132,
  "fields": {
    "name": "Power: To partner with local authorities",
    "details": "CCGs have the power to be partnership organisations of local authorities and are able to receive the services of local authorities officers  (Local Government Act 1972, section 113(1A))\n",
    "activities": [
      55
    ],
    "statutes": [],
    "org_types": [
      2
    ]
  }
},
{
  "model": "phmi.legaljustification",
  "pk": 133,
  "fields": {
    "name": "Duty: After care of patients with mental health problems",
    "details": "CCGs must, together with the local authority and relevant voluntary agencies, arrange for the provision of after care for people previously detained under the Mental Health Act, at the time that they cease to be detained. Such after care should be provided until the local social services authority is satisfied that such services are no longer required.\n(Mental Health Act 1983 s117)",
    "activities": [
      34,
      36,
      35
    ],
    "statutes": [],
    "org_types": [
      2
    ]
  }
},
{
  "model": "phmi.legaljustification",
  "pk": 134,
  "fields": {
    "name": "Duty: To comply with NICE technology appraisal recommendations",
    "details": "CCGs must comply with a technology appraisal recommendation made by the National Institute for Health & Care Excellence (National Institute for Health and Care Excellence (Constitution and Functions) and the Health and Social Care Information Centre (Functions) Regulations 2013)",
    "activities": [
      33
    ],
    "statutes": [],
    "org_types": [
      2
    ]
  }
},
{
  "model": "phmi.legaljustification",
  "pk": 135,
  "fields": {
    "name": "Duty: Assessment and provision of NHS continuing healthcare",
    "details": "When it is commissioning services a CCG has a duty to assess whether someone is eligible for a package of care funded by the NHS to meet physical or mental health needs which have arisen as a result of disability, accident or illness; (NHS Commissioning Board and Clinical Commissioning Groups (Responsibilities and Standing Rules) Regulations 2012, regulation 21)",
    "activities": [],
    "statutes": [],
    "org_types": [
      2
    ]
  }
},
{
  "model": "phmi.legaljustification",
  "pk": 136,
  "fields": {
    "name": "Power: Process data for legitmate interest",
    "details": "",
    "activities": [
      55,
      4,
      6,
      7,
      5,
      1,
      3,
      2,
      10,
      9,
      11,
      12,
      13,
      8,
      18,
      16,
      15,
      17,
      19,
      14,
      20
    ],
    "statutes": [],
    "org_types": [
      6
    ]
  }
},
{
  "model": "phmi.legaljustification",
  "pk": 137,
  "fields": {
    "name": "Power (nhs ft only): General power",
    "details": "",
    "activities": [
      55
    ],
    "statutes": [],
    "org_types": [
      5
    ]
  }
},
{
  "model": "phmi.legaljustification",
  "pk": 138,
  "fields": {
    "name": "Power: General power",
    "details": "",
    "activities": [
      55
    ],
    "statutes": [],
    "org_types": [
      3,
      4
    ]
  }
},
{
  "model": "phmi.legaljustification",
  "pk": 139,
  "fields": {
    "name": "Duty: Provide services to improve public health",
    "details": "",
    "activities": [
      55
    ],
    "statutes": [],
    "org_types": [
      3
    ]
  }
},
{
  "model": "phmi.legaljustification",
  "pk": 140,
  "fields": {
    "name": "Power (nhs trust only): General power",
    "details": "",
    "activities": [
      55
    ],
    "statutes": [],
    "org_types": [
      5
    ]
  }
},
{
  "model": "phmi.legaljustification",
  "pk": 141,
  "fields": {
    "name": "Power: To assist the Department of Health in providing health services and exercising public health functions",
    "details": "",
    "activities": [
      55
    ],
    "statutes": [],
    "org_types": [
      3
    ]
  }
},
{
  "model": "phmi.legaljustification",
  "pk": 142,
  "fields": {
    "name": "Duty: To assist the Department of Health in providing health services and exercising public health functions",
    "details": "",
    "activities": [
      55
    ],
    "statutes": [],
    "org_types": [
      3
    ]
  }
},
{
  "model": "phmi.legaljustification",
  "pk": 143,
  "fields": {
    "name": "Duty: To scrutinise local healthcare arrangements",
    "details": "",
    "activities": [
      55
    ],
    "statutes": [],
    "org_types": [
      3
    ]
  }
},
{
  "model": "phmi.legaljustification",
  "pk": 144,
  "fields": {
    "name": "Provider duty: To ensure the involvement of local people in decision-making",
    "details": "",
    "activities": [
      6,
      7,
      5,
      1,
      3,
      2,
      13,
      8
    ],
    "statutes": [],
    "org_types": [
      3,
      4
    ]
  }
},
{
  "model": "phmi.legaljustification",
  "pk": 145,
  "fields": {
    "name": "Provider duties: Social care (various)",
    "details": "",
    "activities": [
      6,
      1,
      3,
      2,
      10,
      9,
      11,
      12,
      18,
      16,
      15,
      17,
      19,
      14,
      20
    ],
    "statutes": [],
    "org_types": [
      4
    ]
  }
},
{
  "model": "phmi.legaljustification",
  "pk": 146,
  "fields": {
    "name": "Provider power: To provide preventative services",
    "details": "",
    "activities": [
      4,
      7,
      13,
      14
    ],
    "statutes": [],
    "org_types": [
      3,
      4
    ]
  }
},
{
  "model": "phmi.legaljustification",
  "pk": 147,
  "fields": {
    "name": "Provider duty: To provide information and advice about care and support",
    "details": "",
    "activities": [
      4,
      7,
      5,
      13,
      8
    ],
    "statutes": [],
    "org_types": [
      3,
      4
    ]
  }
},
{
  "model": "phmi.legaljustification",
  "pk": 148,
  "fields": {
    "name": "Provider duty: To provide open access sexual health services",
    "details": "",
    "activities": [
      4,
      7,
      13
    ],
    "statutes": [],
    "org_types": [
      3
    ]
  }
},
{
  "model": "phmi.legaljustification",
  "pk": 149,
  "fields": {
    "name": "Provider duty: To make direct payments to meet care needs",
    "details": "",
    "activities": [
      5
    ],
    "statutes": [],
    "org_types": [
      4
    ]
  }
},
{
  "model": "phmi.legaljustification",
  "pk": 150,
  "fields": {
    "name": "Provider power: To make direct payments to patients",
    "details": "",
    "activities": [
      5
    ],
    "statutes": [],
    "org_types": [
      4
    ]
  }
},
{
  "model": "phmi.legaljustification",
  "pk": 151,
  "fields": {
    "name": "Provider duties: To deliver education services (various)",
    "details": "",
    "activities": [
      7,
      8
    ],
    "statutes": [],
    "org_types": [
      3,
      4
    ]
  }
},
{
  "model": "phmi.legaljustification",
  "pk": 152,
  "fields": {
    "name": "Provider duty: To provide information and advice to promote the preparation of health protection arrangements",
    "details": "",
    "activities": [
      7,
      13,
      8
    ],
    "statutes": [],
    "org_types": [
      3
    ]
  }
},
{
  "model": "phmi.legaljustification",
  "pk": 153,
  "fields": {
    "name": "Provider duty: To provide for the medical inspection and treatment of pupils at local authority schools",
    "details": "",
    "activities": [
      13,
      8
    ],
    "statutes": [],
    "org_types": [
      3
    ]
  }
},
{
  "model": "phmi.legaljustification",
  "pk": 154,
  "fields": {
    "name": "Provider duty: To provide health checks for eligible people",
    "details": "",
    "activities": [
      13,
      8
    ],
    "statutes": [],
    "org_types": [
      3
    ]
  }
},
{
  "model": "phmi.legaljustification",
  "pk": 155,
  "fields": {
    "name": "Commissioner power: To provide preventative services",
    "details": "",
    "activities": [
      21,
      22,
      41,
      40,
      42
    ],
    "statutes": [],
    "org_types": [
      3,
      4
    ]
  }
},
{
  "model": "phmi.legaljustification",
  "pk": 156,
  "fields": {
    "name": "Commissioner duty: To provide a public health advice service",
    "details": "",
    "activities": [
      28,
      32,
      30,
      33,
      23,
      34,
      29,
      24,
      25,
      26,
      35,
      27,
      41,
      40,
      42,
      43,
      37,
      38,
      39
    ],
    "statutes": [],
    "org_types": [
      3
    ]
  }
},
{
  "model": "phmi.legaljustification",
  "pk": 157,
  "fields": {
    "name": "Commissioner duty: To make direct payments to meet care needs",
    "details": "",
    "activities": [
      28,
      23,
      27
    ],
    "statutes": [],
    "org_types": [
      4
    ]
  }
},
{
  "model": "phmi.legaljustification",
  "pk": 158,
  "fields": {
    "name": "Commissioner duties: Social care (various)",
    "details": "",
    "activities": [
      23,
      24,
      25,
      26
    ],
    "statutes": [],
    "org_types": [
      4
    ]
  }
},
{
  "model": "phmi.legaljustification",
  "pk": 159,
  "fields": {
    "name": "Commissioner power: To make direct payments to patients",
    "details": "",
    "activities": [
      28,
      23,
      27
    ],
    "statutes": [],
    "org_types": [
      4
    ]
  }
},
{
  "model": "phmi.legaljustification",
  "pk": 160,
  "fields": {
    "name": "Commissioner duty: To ensure the involvement of local people in decision-making",
    "details": "",
    "activities": [
      50,
      44,
      25,
      26,
      37,
      38,
      39
    ],
    "statutes": [],
    "org_types": [
      3,
      4
    ]
  }
},
{
  "model": "phmi.legaljustification",
  "pk": 161,
  "fields": {
    "name": "Commissioner duty: To prepare a joint strategic needs assessment",
    "details": "",
    "activities": [
      41,
      40,
      43,
      37,
      39
    ],
    "statutes": [],
    "org_types": [
      3,
      4
    ]
  }
},
{
  "model": "phmi.legaljustification",
  "pk": 162,
  "fields": {
    "name": "Commissioner duty: To consider the economic, social and environmental benefits to be achieved through commissioning",
    "details": "",
    "activities": [
      43,
      37,
      38,
      39
    ],
    "statutes": [],
    "org_types": [
      3,
      4
    ]
  }
},
{
  "model": "phmi.legaljustification",
  "pk": 163,
  "fields": {
    "name": "Commissioner duty: To provide information and advice to promote the preparation of health protection arrangements",
    "details": "",
    "activities": [
      41,
      40,
      42,
      43,
      37,
      38,
      39
    ],
    "statutes": [],
    "org_types": [
      3
    ]
  }
},
{
  "model": "phmi.legaljustification",
  "pk": 164,
  "fields": {
    "name": "Commissioner duty: Provide services to improve public health",
    "details": "",
    "activities": [
      41,
      42
    ],
    "statutes": [],
    "org_types": [
      3
    ]
  }
},
{
  "model": "phmi.legaljustification",
  "pk": 165,
  "fields": {
    "name": "Commissioner power: To conduct research",
    "details": "",
    "activities": [
      49,
      54,
      48,
      52,
      47,
      51,
      50,
      45,
      44,
      53,
      46
    ],
    "statutes": [],
    "org_types": [
      3,
      4
    ]
  }
},
{
  "model": "phmi.legaljustification",
  "pk": 166,
  "fields": {
    "name": "Commissioner power: General power",
    "details": "",
    "activities": [
      54
    ],
    "statutes": [],
    "org_types": [
      3,
      4
    ]
  }
},
{
  "model": "phmi.orgfunction",
  "pk": 1,
  "fields": {
    "type": 1,
    "name": "Commissioning",
    "index": 1
  }
},
{
  "model": "phmi.orgfunction",
  "pk": 2,
  "fields": {
    "type": 1,
    "name": "Underpinning System Activities",
    "index": 2
  }
},
{
  "model": "phmi.orgfunction",
  "pk": 3,
  "fields": {
    "type": 2,
    "name": "Commissioning",
    "index": 1
  }
},
{
  "model": "phmi.orgfunction",
  "pk": 4,
  "fields": {
    "type": 2,
    "name": "Supporting System Improvements",
    "index": 2
  }
},
{
  "model": "phmi.orgfunction",
  "pk": 5,
  "fields": {
    "type": 3,
    "name": "Commissioning",
    "index": 1
  }
},
{
  "model": "phmi.orgfunction",
  "pk": 6,
  "fields": {
    "type": 3,
    "name": "Provision",
    "index": 2
  }
},
{
  "model": "phmi.orgfunction",
  "pk": 7,
  "fields": {
    "type": 3,
    "name": "Providing public health population healthcare advice",
    "index": 3
  }
},
{
  "model": "phmi.orgfunction",
  "pk": 8,
  "fields": {
    "type": 4,
    "name": "Commissioning",
    "index": 1
  }
},
{
  "model": "phmi.orgfunction",
  "pk": 9,
  "fields": {
    "type": 4,
    "name": "Provision",
    "index": 2
  }
},
{
  "model": "phmi.orgfunction",
  "pk": 10,
  "fields": {
    "type": 5,
    "name": "Service Provision",
    "index": 1
  }
},
{
  "model": "phmi.orgfunction",
  "pk": 11,
  "fields": {
    "type": 6,
    "name": "Service Provision",
    "index": 1
  }
},
{
  "model": "phmi.orgresponsibility",
  "pk": 1,
  "fields": {
    "function": 1,
    "index": 1,
    "name": "Specialised and highly specialised services",
    "additional_information": "NHS England is responsible for commissioning \u00a315.6 billion of specialised services to meet a wide range of health and care needs. These include a range of services from renal dialysis and secure inpatient mental health services, through to treatments for rare cancers and life threatening genetic disorders. The commissioning of specialised services is a prescribed direct commissioning responsibility of NHS England.",
    "related_reading": "https://www.england.nhs.uk/commissioning/spec-services/",
    "lawful_bases": [
      1
    ]
  }
},
{
  "model": "phmi.orgresponsibility",
  "pk": 2,
  "fields": {
    "function": 1,
    "index": 2,
    "name": "Primary care",
    "additional_information": "NHS England is responsible for commissioning primary care services, including primary medical care, pharmaceutical services, ophthalmic services and dental services.",
    "related_reading": "https://www.england.nhs.uk/commissioning/primary-care-comm/",
    "lawful_bases": [
      2
    ]
  }
},
{
  "model": "phmi.orgresponsibility",
  "pk": 3,
  "fields": {
    "function": 1,
    "index": 3,
    "name": "Public health s7a",
    "additional_information": "The NHS has a critical part to play in securing good population health. The public health functions agreement (S7A) is an annual agreement between the Secretary of State for Health and NHS England. These services include services from pregnancy to age 5, immunisations and national screening.",
    "related_reading": "https://www.england.nhs.uk/commissioning/pub-hlth-res/",
    "lawful_bases": [
      3
    ]
  }
},
{
  "model": "phmi.orgresponsibility",
  "pk": 4,
  "fields": {
    "function": 1,
    "index": 4,
    "name": "Health and justice",
    "additional_information": "Section 15 of the Health and Social Care Act 2012 gave the Secretary of State the power to require NHS England to commission services or facilities for persons who are detained in a prison or in other accommodation of a prescribed description. This responsibility also includes commissioning Sexual Assault Referral services.",
    "related_reading": "https://www.england.nhs.uk/commissioning/health-just/",
    "lawful_bases": [
      4
    ]
  }
},
{
  "model": "phmi.orgresponsibility",
  "pk": 5,
  "fields": {
    "function": 1,
    "index": 5,
    "name": "Armed forces",
    "additional_information": "Section 15 of the Health and Social Care Act 2012, gives the Secretary of State the power to require NHS England to commission services or facilities for members of the Armed Forces or their families.",
    "related_reading": "https://www.england.nhs.uk/commissioning/armed-forces/",
    "lawful_bases": [
      5
    ]
  }
},
{
  "model": "phmi.orgresponsibility",
  "pk": 6,
  "fields": {
    "function": 1,
    "index": 6,
    "name": "Secondary dental",
    "additional_information": "NHS England is responsible for commissioning secondary dental services.",
    "related_reading": "https://www.england.nhs.uk/wp-content/uploads/2013/02/commissioning-dental.pdf",
    "lawful_bases": [
      6
    ]
  }
},
{
  "model": "phmi.orgresponsibility",
  "pk": 7,
  "fields": {
    "function": 1,
    "index": 7,
    "name": "High security psychiatric services",
    "additional_information": "",
    "related_reading": "",
    "lawful_bases": [
      7
    ]
  }
},
{
  "model": "phmi.orgresponsibility",
  "pk": 8,
  "fields": {
    "function": 1,
    "index": 8,
    "name": "Primary opthamology services",
    "additional_information": "",
    "related_reading": "",
    "lawful_bases": [
      8
    ]
  }
},
{
  "model": "phmi.orgresponsibility",
  "pk": 9,
  "fields": {
    "function": 1,
    "index": 9,
    "name": "Pharmaceutical services",
    "additional_information": "",
    "related_reading": "",
    "lawful_bases": [
      9
    ]
  }
},
{
  "model": "phmi.orgresponsibility",
  "pk": 10,
  "fields": {
    "function": 1,
    "index": 10,
    "name": "Mental health aftercare",
    "additional_information": "",
    "related_reading": "",
    "lawful_bases": [
      10
    ]
  }
},
{
  "model": "phmi.orgresponsibility",
  "pk": 11,
  "fields": {
    "function": 2,
    "index": 1,
    "name": "Assurance of CCG-commissioned services",
    "additional_information": "Clinical Commissioning Groups (CCGs) were established on 1 April 2013 and are clinically-led organisations at the heart of the NHS system.",
    "related_reading": "https://www.england.nhs.uk/commissioning/ccg-auth/",
    "lawful_bases": [
      11
    ]
  }
},
{
  "model": "phmi.orgresponsibility",
  "pk": 12,
  "fields": {
    "function": 2,
    "index": 2,
    "name": "Assurance of major service changes and redesigns",
    "additional_information": "NHS England\u2019s role in reconfiguration is to support commissioners and their local partners to develop clear, evidence based proposals for service reconfiguration, and to undertake assurance as mandated by the Government.",
    "related_reading": "https://www.england.nhs.uk/wp-content/uploads/2015/10/plan-ass-deliv-serv-chge.pdf",
    "lawful_bases": []
  }
},
{
  "model": "phmi.orgresponsibility",
  "pk": 13,
  "fields": {
    "function": 2,
    "index": 3,
    "name": "Development of health and care policy and financial allocations",
    "additional_information": "NHS England leads the National Health Service (NHS) in England. It sets the priorities and direction of the NHS and encourage and inform the national debate to improve health and care.",
    "related_reading": "https://www.england.nhs.uk/about/",
    "lawful_bases": []
  }
},
{
  "model": "phmi.orgresponsibility",
  "pk": 14,
  "fields": {
    "function": 2,
    "index": 4,
    "name": "NHS continuing healthcare",
    "additional_information": "",
    "related_reading": "",
    "lawful_bases": [
      12
    ]
  }
},
{
  "model": "phmi.orgresponsibility",
  "pk": 15,
  "fields": {
    "function": 3,
    "index": 1,
    "name": "Urgent and emergency care",
    "additional_information": "Includes Urgent and emergency care (including 111, A&E and ambulance services) for anyone present in a CCGs geographic area and out-of-hours primary medical services (for everyone present in your area), except where this responsibility has been retained by practices under the GP contract ",
    "related_reading": "https://www.england.nhs.uk/wp-content/uploads/2012/07/fs-ccg-respon.pdf",
    "lawful_bases": [
      13
    ]
  }
},
{
  "model": "phmi.orgresponsibility",
  "pk": 16,
  "fields": {
    "function": 3,
    "index": 2,
    "name": "Elective care",
    "additional_information": "Covers elective hospital care",
    "related_reading": "https://www.england.nhs.uk/wp-content/uploads/2012/07/fs-ccg-respon.pdf",
    "lawful_bases": [
      13
    ]
  }
},
{
  "model": "phmi.orgresponsibility",
  "pk": 17,
  "fields": {
    "function": 3,
    "index": 3,
    "name": "Community care",
    "additional_information": "Includes speech and language therapy, continence services, wheelchair services, and home oxygen services, but not public health services such as health visiting and family nursing",
    "related_reading": "https://www.england.nhs.uk/wp-content/uploads/2012/07/fs-ccg-respon.pdf",
    "lawful_bases": [
      7
    ]
  }
},
{
  "model": "phmi.orgresponsibility",
  "pk": 18,
  "fields": {
    "function": 3,
    "index": 4,
    "name": "GP with special interests activity",
    "additional_information": "Covers other community-based services, including (where appropriate) services provided by GP practices that go beyond the scope of the GP contract",
    "related_reading": "https://www.england.nhs.uk/wp-content/uploads/2012/07/fs-ccg-respon.pdf",
    "lawful_bases": [
      7
    ]
  }
},
{
  "model": "phmi.orgresponsibility",
  "pk": 19,
  "fields": {
    "function": 3,
    "index": 5,
    "name": "Rehabilitation",
    "additional_information": "Rehabilitation services",
    "related_reading": "https://www.england.nhs.uk/wp-content/uploads/2012/07/fs-ccg-respon.pdf",
    "lawful_bases": [
      13
    ]
  }
},
{
  "model": "phmi.orgresponsibility",
  "pk": 20,
  "fields": {
    "function": 3,
    "index": 6,
    "name": "Maternity and new-born",
    "additional_information": "Excludes neonatal intensive care",
    "related_reading": "https://www.england.nhs.uk/wp-content/uploads/2012/07/fs-ccg-respon.pdf",
    "lawful_bases": [
      13
    ]
  }
},
{
  "model": "phmi.orgresponsibility",
  "pk": 21,
  "fields": {
    "function": 3,
    "index": 7,
    "name": "Children's healthcare",
    "additional_information": "Covers children's mental and physical health",
    "related_reading": "https://www.england.nhs.uk/wp-content/uploads/2012/07/fs-ccg-respon.pdf",
    "lawful_bases": [
      13
    ]
  }
},
{
  "model": "phmi.orgresponsibility",
  "pk": 22,
  "fields": {
    "function": 3,
    "index": 8,
    "name": "NHS continuing healthcare",
    "additional_information": "NHS Continuing Healthcare",
    "related_reading": "https://www.england.nhs.uk/wp-content/uploads/2012/07/fs-ccg-respon.pdf",
    "lawful_bases": [
      14
    ]
  }
},
{
  "model": "phmi.orgresponsibility",
  "pk": 23,
  "fields": {
    "function": 3,
    "index": 9,
    "name": "Infertility",
    "additional_information": "Infertility Services",
    "related_reading": "https://www.england.nhs.uk/wp-content/uploads/2012/07/fs-ccg-respon.pdf",
    "lawful_bases": [
      13
    ]
  }
},
{
  "model": "phmi.orgresponsibility",
  "pk": 24,
  "fields": {
    "function": 3,
    "index": 10,
    "name": "Mental health and learning disabilities",
    "additional_information": "Includes mental health services, psychological therapies and services for people with learning disabilities",
    "related_reading": "https://www.england.nhs.uk/wp-content/uploads/2012/07/fs-ccg-respon.pdf",
    "lawful_bases": [
      13
    ]
  }
},
{
  "model": "phmi.orgresponsibility",
  "pk": 25,
  "fields": {
    "function": 4,
    "index": 1,
    "name": "Primary care",
    "additional_information": "CCGs have a responsibility to support systems improvements in local primary care services, including primary medical care, pharmaceutical services, ophthalmic services and dental services.",
    "related_reading": "https://www.kingsfund.org.uk/sites/files/kf/field/field_publication_file/clinical-commissioning-groups-report-ings-fund-nuffield-jul13.pdf",
    "lawful_bases": [
      15
    ]
  }
},
{
  "model": "phmi.orgresponsibility",
  "pk": 26,
  "fields": {
    "function": 5,
    "index": 1,
    "name": "Children's public health",
    "additional_information": "Healthy child programme for school-age children (aged 5-19), including school nursing",
    "related_reading": "https://www.england.nhs.uk/wp-content/uploads/2012/07/fs-ccg-respon.pdf",
    "lawful_bases": [
      16
    ]
  }
},
{
  "model": "phmi.orgresponsibility",
  "pk": 27,
  "fields": {
    "function": 5,
    "index": 2,
    "name": "Sexual health",
    "additional_information": "Including contraception over and above GP contract, testing and treatment of sexually transmitted infections (excluding HIV treatment), sexual health advice, prevention and promotion",
    "related_reading": "https://www.england.nhs.uk/wp-content/uploads/2012/07/fs-ccg-respon.pdf",
    "lawful_bases": [
      11
    ]
  }
},
{
  "model": "phmi.orgresponsibility",
  "pk": 28,
  "fields": {
    "function": 5,
    "index": 3,
    "name": "Public mental health",
    "additional_information": "Including mental health promotion, mental illness prevention and suicide prevention ",
    "related_reading": "https://www.england.nhs.uk/wp-content/uploads/2012/07/fs-ccg-respon.pdf",
    "lawful_bases": [
      13
    ]
  }
},
{
  "model": "phmi.orgresponsibility",
  "pk": 29,
  "fields": {
    "function": 5,
    "index": 4,
    "name": "Physical activity and obesity management",
    "additional_information": "Local programmes to address inactivity and other interventions to promote physical activity, local programmes to prevent and address obesity, e.g. National Child Measurement Programme and weight management services ",
    "related_reading": "https://www.england.nhs.uk/wp-content/uploads/2012/07/fs-ccg-respon.pdf",
    "lawful_bases": [
      8
    ]
  }
},
{
  "model": "phmi.orgresponsibility",
  "pk": 30,
  "fields": {
    "function": 5,
    "index": 5,
    "name": "Substance misuse",
    "additional_information": "Drug and alcohol misuse services, prevention and treatment, local tobacco activity, including stop smoking services, prevention activity, enforcement and communications ",
    "related_reading": "https://www.england.nhs.uk/wp-content/uploads/2012/07/fs-ccg-respon.pdf",
    "lawful_bases": [
      8
    ]
  }
},
{
  "model": "phmi.orgresponsibility",
  "pk": 31,
  "fields": {
    "function": 5,
    "index": 6,
    "name": "Dental public health",
    "additional_information": "Including epidemiology, dental screening and oral health improvement, including water fluoridation (subject to consultation) ",
    "related_reading": "https://www.england.nhs.uk/wp-content/uploads/2012/07/fs-ccg-respon.pdf",
    "lawful_bases": [
      17
    ]
  }
},
{
  "model": "phmi.orgresponsibility",
  "pk": 32,
  "fields": {
    "function": 5,
    "index": 7,
    "name": "Other local authority public health services",
    "additional_information": "Including nutrition, NHS Health Check programme, reducing and preventing birth defects, health at work, accidental injury prevention, seasonal mortality, public health and justice, infectious diseases, health protection",
    "related_reading": "https://www.england.nhs.uk/wp-content/uploads/2012/07/fs-ccg-respon.pdf",
    "lawful_bases": [
      16
    ]
  }
},
{
  "model": "phmi.orgresponsibility",
  "pk": 33,
  "fields": {
    "function": 6,
    "index": 1,
    "name": "Children's public health",
    "additional_information": "Healthy child programme for school-age children (aged 5-19), including school nursing",
    "related_reading": "https://www.england.nhs.uk/wp-content/uploads/2012/07/fs-ccg-respon.pdf",
    "lawful_bases": [
      16
    ]
  }
},
{
  "model": "phmi.orgresponsibility",
  "pk": 34,
  "fields": {
    "function": 6,
    "index": 2,
    "name": "Sexual health",
    "additional_information": "Including contraception over and above GP contract, testing and treatment of sexually transmitted infections (excluding HIV treatment), sexual health advice, prevention and promotion",
    "related_reading": "https://www.england.nhs.uk/wp-content/uploads/2012/07/fs-ccg-respon.pdf",
    "lawful_bases": [
      11
    ]
  }
},
{
  "model": "phmi.orgresponsibility",
  "pk": 35,
  "fields": {
    "function": 6,
    "index": 3,
    "name": "Public mental health",
    "additional_information": "Including mental health promotion, mental illness prevention and suicide prevention ",
    "related_reading": "https://www.england.nhs.uk/wp-content/uploads/2012/07/fs-ccg-respon.pdf",
    "lawful_bases": [
      13
    ]
  }
},
{
  "model": "phmi.orgresponsibility",
  "pk": 36,
  "fields": {
    "function": 6,
    "index": 4,
    "name": "Physical activity and obesity management",
    "additional_information": "Local programmes to address inactivity and other interventions to promote physical activity, local programmes to prevent and address obesity, e.g. National Child Measurement Programme and weight management services ",
    "related_reading": "https://www.england.nhs.uk/wp-content/uploads/2012/07/fs-ccg-respon.pdf",
    "lawful_bases": [
      8
    ]
  }
},
{
  "model": "phmi.orgresponsibility",
  "pk": 37,
  "fields": {
    "function": 6,
    "index": 5,
    "name": "Substance misuse",
    "additional_information": "Drug and alcohol misuse services, prevention and treatment, local tobacco activity, including stop smoking services, prevention activity, enforcement and communications ",
    "related_reading": "https://www.england.nhs.uk/wp-content/uploads/2012/07/fs-ccg-respon.pdf",
    "lawful_bases": [
      8
    ]
  }
},
{
  "model": "phmi.orgresponsibility",
  "pk": 38,
  "fields": {
    "function": 6,
    "index": 6,
    "name": "Dental public health",
    "additional_information": "Including epidemiology, dental screening and oral health improvement, including water fluoridation (subject to consultation) ",
    "related_reading": "https://www.england.nhs.uk/wp-content/uploads/2012/07/fs-ccg-respon.pdf",
    "lawful_bases": [
      17
    ]
  }
},
{
  "model": "phmi.orgresponsibility",
  "pk": 39,
  "fields": {
    "function": 6,
    "index": 7,
    "name": "Other local authority public health services",
    "additional_information": "Including nutrition, NHS Health Check programme, reducing and preventing birth defects, health at work, accidental injury prevention, seasonal mortality, public health and justice, infectious diseases, health protection",
    "related_reading": "https://www.england.nhs.uk/wp-content/uploads/2012/07/fs-ccg-respon.pdf",
    "lawful_bases": [
      16
    ]
  }
},
{
  "model": "phmi.orgresponsibility",
  "pk": 40,
  "fields": {
    "function": 7,
    "index": 1,
    "name": "Core offer",
    "additional_information": "Local authorities, as part of their statutory functions around public health, will have responsibility for providing healthcare public health advice to clinical commissioning groups (CCGs)",
    "related_reading": "http://cdn.pcc-cic.org.uk/sites/default/files/articles/attachments/ann_goodwin.pdf",
    "lawful_bases": [
      18
    ]
  }
},
{
  "model": "phmi.orgresponsibility",
  "pk": 41,
  "fields": {
    "function": 8,
    "index": 1,
    "name": "Adults' social care",
    "additional_information": "TBC",
    "related_reading": "TBC",
    "lawful_bases": [
      19
    ]
  }
},
{
  "model": "phmi.orgresponsibility",
  "pk": 42,
  "fields": {
    "function": 8,
    "index": 2,
    "name": "Children's social care",
    "additional_information": "TBC",
    "related_reading": "TBC",
    "lawful_bases": [
      19
    ]
  }
},
{
  "model": "phmi.orgresponsibility",
  "pk": 43,
  "fields": {
    "function": 8,
    "index": 3,
    "name": "Care homes",
    "additional_information": "TBC",
    "related_reading": "TBC",
    "lawful_bases": [
      19
    ]
  }
},
{
  "model": "phmi.orgresponsibility",
  "pk": 44,
  "fields": {
    "function": 8,
    "index": 4,
    "name": "Mental health aftercare",
    "additional_information": "TBC",
    "related_reading": "TBC",
    "lawful_bases": [
      8
    ]
  }
},
{
  "model": "phmi.orgresponsibility",
  "pk": 45,
  "fields": {
    "function": 9,
    "index": 1,
    "name": "Adults' social care",
    "additional_information": "TBC",
    "related_reading": "TBC",
    "lawful_bases": [
      19
    ]
  }
},
{
  "model": "phmi.orgresponsibility",
  "pk": 46,
  "fields": {
    "function": 9,
    "index": 2,
    "name": "Children's social care",
    "additional_information": "TBC",
    "related_reading": "TBC",
    "lawful_bases": [
      19
    ]
  }
},
{
  "model": "phmi.orgresponsibility",
  "pk": 47,
  "fields": {
    "function": 9,
    "index": 3,
    "name": "Care homes",
    "additional_information": "TBC",
    "related_reading": "TBC",
    "lawful_bases": [
      19
    ]
  }
},
{
  "model": "phmi.orgresponsibility",
  "pk": 48,
  "fields": {
    "function": 9,
    "index": 4,
    "name": "Mental health aftercare",
    "additional_information": "TBC",
    "related_reading": "TBC",
    "lawful_bases": [
      8
    ]
  }
},
{
  "model": "phmi.orgresponsibility",
  "pk": 49,
  "fields": {
    "function": 10,
    "index": 1,
    "name": "Urgent and emergency care",
    "additional_information": "Includes Urgent and emergency care (including 111, A&E and ambulance services) for anyone present in a CCGs geographic area and out-of-hours primary medical services (for everyone present in your area), except where this responsibility has been retained by practices under the GP contract ",
    "related_reading": "https://www.england.nhs.uk/wp-content/uploads/2012/07/fs-ccg-respon.pdf",
    "lawful_bases": [
      20,
      21
    ]
  }
},
{
  "model": "phmi.orgresponsibility",
  "pk": 50,
  "fields": {
    "function": 10,
    "index": 2,
    "name": "Elective care",
    "additional_information": "Covers elective hospital care",
    "related_reading": "https://www.england.nhs.uk/wp-content/uploads/2012/07/fs-ccg-respon.pdf",
    "lawful_bases": [
      20,
      21
    ]
  }
},
{
  "model": "phmi.orgresponsibility",
  "pk": 51,
  "fields": {
    "function": 10,
    "index": 3,
    "name": "Community care",
    "additional_information": "Includes rehabilitation services, speech and language therapy, continence services, wheelchair services, and home oxygen services, but not public health services such as health visiting and family nursing",
    "related_reading": "https://www.england.nhs.uk/wp-content/uploads/2012/07/fs-ccg-respon.pdf",
    "lawful_bases": [
      20,
      21
    ]
  }
},
{
  "model": "phmi.orgresponsibility",
  "pk": 52,
  "fields": {
    "function": 10,
    "index": 4,
    "name": "GP with special interests activity",
    "additional_information": "Covers other community-based services, including (where appropriate) services provided by GP practices that go beyond the scope of the GP contract",
    "related_reading": "https://www.england.nhs.uk/wp-content/uploads/2012/07/fs-ccg-respon.pdf",
    "lawful_bases": [
      20,
      21
    ]
  }
},
{
  "model": "phmi.orgresponsibility",
  "pk": 53,
  "fields": {
    "function": 10,
    "index": 5,
    "name": "Rehabilitation",
    "additional_information": "Rehabilitation services",
    "related_reading": "https://www.england.nhs.uk/wp-content/uploads/2012/07/fs-ccg-respon.pdf",
    "lawful_bases": [
      20,
      21
    ]
  }
},
{
  "model": "phmi.orgresponsibility",
  "pk": 54,
  "fields": {
    "function": 10,
    "index": 6,
    "name": "Maternity and new-born",
    "additional_information": "Excludes neonatal intensive care",
    "related_reading": "https://www.england.nhs.uk/wp-content/uploads/2012/07/fs-ccg-respon.pdf",
    "lawful_bases": [
      20,
      21
    ]
  }
},
{
  "model": "phmi.orgresponsibility",
  "pk": 55,
  "fields": {
    "function": 10,
    "index": 7,
    "name": "Children's healthcare",
    "additional_information": "Covers children's mental and physical health",
    "related_reading": "https://www.england.nhs.uk/wp-content/uploads/2012/07/fs-ccg-respon.pdf",
    "lawful_bases": [
      20,
      21
    ]
  }
},
{
  "model": "phmi.orgresponsibility",
  "pk": 56,
  "fields": {
    "function": 10,
    "index": 8,
    "name": "NHS Continuing healthcare",
    "additional_information": "NHS Continuing Healthcare",
    "related_reading": "https://www.england.nhs.uk/wp-content/uploads/2012/07/fs-ccg-respon.pdf",
    "lawful_bases": [
      20,
      21
    ]
  }
},
{
  "model": "phmi.orgresponsibility",
  "pk": 57,
  "fields": {
    "function": 10,
    "index": 9,
    "name": "Infertility",
    "additional_information": "Infertility Services",
    "related_reading": "https://www.england.nhs.uk/wp-content/uploads/2012/07/fs-ccg-respon.pdf",
    "lawful_bases": [
      20,
      21
    ]
  }
},
{
  "model": "phmi.orgresponsibility",
  "pk": 58,
  "fields": {
    "function": 10,
    "index": 10,
    "name": "Mental health and learning disabilities",
    "additional_information": "Includes mental health services, psychological therapies and services for people with learning disabilities",
    "related_reading": "https://www.england.nhs.uk/wp-content/uploads/2012/07/fs-ccg-respon.pdf",
    "lawful_bases": [
      20,
      21
    ]
  }
},
{
  "model": "phmi.orgresponsibility",
  "pk": 59,
  "fields": {
    "function": 10,
    "index": 11,
    "name": "Specialised and highly specialised services",
    "additional_information": "NHS England is responsible for commissioning \u00a315.6 billion of specialised services to meet a wide range of health and care needs. These include a range of services from renal dialysis and secure inpatient mental health services, through to treatments for rare cancers and life threatening genetic disorders. The commissioning of specialised services is a prescribed direct commissioning responsibility of NHS England.",
    "related_reading": "https://www.england.nhs.uk/commissioning/spec-services/",
    "lawful_bases": [
      20,
      21
    ]
  }
},
{
  "model": "phmi.orgresponsibility",
  "pk": 60,
  "fields": {
    "function": 10,
    "index": 12,
    "name": "Primary care",
    "additional_information": "NHS England is responsible for commissioning primary care services, including primary medical care, pharmaceutical services, ophthalmic services and dental services.",
    "related_reading": "https://www.england.nhs.uk/commissioning/primary-care-comm/",
    "lawful_bases": [
      20,
      21
    ]
  }
},
{
  "model": "phmi.orgresponsibility",
  "pk": 61,
  "fields": {
    "function": 10,
    "index": 13,
    "name": "Public health s7a",
    "additional_information": "The NHS has a critical part to play in securing good population health. The public health functions agreement (S7A) is an annual agreement between the Secretary of State for Health and NHS England. These services include services from pregnancy to age 5, immunisations and national screening.",
    "related_reading": "https://www.england.nhs.uk/commissioning/pub-hlth-res/",
    "lawful_bases": [
      20,
      3
    ]
  }
},
{
  "model": "phmi.orgresponsibility",
  "pk": 62,
  "fields": {
    "function": 10,
    "index": 14,
    "name": "Health and justice",
    "additional_information": "Section 15 of the Health and Social Care Act 2012 gave the Secretary of State the power to require NHS England to commission services or facilities for persons who are detained in a prison or in other accommodation of a prescribed description. This responsibility also includes commissioning Sexual Assault Referral services.",
    "related_reading": "https://www.england.nhs.uk/commissioning/health-just/",
    "lawful_bases": [
      20,
      21
    ]
  }
},
{
  "model": "phmi.orgresponsibility",
  "pk": 63,
  "fields": {
    "function": 10,
    "index": 15,
    "name": "Armed forces",
    "additional_information": "Section 15 of the Health and Social Care Act 2012, gives the Secretary of State the power to require NHS England to commission services or facilities for members of the Armed Forces or their families.",
    "related_reading": "https://www.england.nhs.uk/commissioning/armed-forces/",
    "lawful_bases": [
      20,
      21
    ]
  }
},
{
  "model": "phmi.orgresponsibility",
  "pk": 64,
  "fields": {
    "function": 10,
    "index": 16,
    "name": "Secondary dental",
    "additional_information": "NHS England is responsible for commissioning secondary dental services.",
    "related_reading": "https://www.england.nhs.uk/wp-content/uploads/2013/02/commissioning-dental.pdf",
    "lawful_bases": [
      20,
      21
    ]
  }
},
{
  "model": "phmi.orgresponsibility",
  "pk": 65,
  "fields": {
    "function": 11,
    "index": 1,
    "name": "Urgent and emergency care",
    "additional_information": "Includes Urgent and emergency care (including 111, A&E and ambulance services) for anyone present in a CCGs geographic area and out-of-hours primary medical services (for everyone present in your area), except where this responsibility has been retained by practices under the GP contract ",
    "related_reading": "https://www.england.nhs.uk/wp-content/uploads/2012/07/fs-ccg-respon.pdf",
    "lawful_bases": []
  }
},
{
  "model": "phmi.orgresponsibility",
  "pk": 66,
  "fields": {
    "function": 11,
    "index": 2,
    "name": "Elective care",
    "additional_information": "Covers elective hospital care",
    "related_reading": "https://www.england.nhs.uk/wp-content/uploads/2012/07/fs-ccg-respon.pdf",
    "lawful_bases": []
  }
},
{
  "model": "phmi.orgresponsibility",
  "pk": 67,
  "fields": {
    "function": 11,
    "index": 3,
    "name": "Community care",
    "additional_information": "Includes rehabilitation services, speech and language therapy, continence services, wheelchair services, and home oxygen services, but not public health services such as health visiting and family nursing",
    "related_reading": "https://www.england.nhs.uk/wp-content/uploads/2012/07/fs-ccg-respon.pdf",
    "lawful_bases": []
  }
},
{
  "model": "phmi.orgresponsibility",
  "pk": 68,
  "fields": {
    "function": 11,
    "index": 4,
    "name": "GP with special interests activity",
    "additional_information": "Covers other community-based services, including (where appropriate) services provided by GP practices that go beyond the scope of the GP contract",
    "related_reading": "https://www.england.nhs.uk/wp-content/uploads/2012/07/fs-ccg-respon.pdf",
    "lawful_bases": []
  }
},
{
  "model": "phmi.orgresponsibility",
  "pk": 69,
  "fields": {
    "function": 11,
    "index": 5,
    "name": "Rehabilitation",
    "additional_information": "Rehabilitation services",
    "related_reading": "https://www.england.nhs.uk/wp-content/uploads/2012/07/fs-ccg-respon.pdf",
    "lawful_bases": []
  }
},
{
  "model": "phmi.orgresponsibility",
  "pk": 70,
  "fields": {
    "function": 11,
    "index": 6,
    "name": "Maternity and new-born",
    "additional_information": "Excludes neonatal intensive care",
    "related_reading": "https://www.england.nhs.uk/wp-content/uploads/2012/07/fs-ccg-respon.pdf",
    "lawful_bases": []
  }
},
{
  "model": "phmi.orgresponsibility",
  "pk": 71,
  "fields": {
    "function": 11,
    "index": 7,
    "name": "Children's healthcare",
    "additional_information": "Covers children's mental and physical health",
    "related_reading": "https://www.england.nhs.uk/wp-content/uploads/2012/07/fs-ccg-respon.pdf",
    "lawful_bases": []
  }
},
{
  "model": "phmi.orgresponsibility",
  "pk": 72,
  "fields": {
    "function": 11,
    "index": 8,
    "name": "NHS Continuing healthcare",
    "additional_information": "NHS Continuing Healthcare",
    "related_reading": "https://www.england.nhs.uk/wp-content/uploads/2012/07/fs-ccg-respon.pdf",
    "lawful_bases": []
  }
},
{
  "model": "phmi.orgresponsibility",
  "pk": 73,
  "fields": {
    "function": 11,
    "index": 9,
    "name": "Infertility",
    "additional_information": "Infertility Services",
    "related_reading": "https://www.england.nhs.uk/wp-content/uploads/2012/07/fs-ccg-respon.pdf",
    "lawful_bases": []
  }
},
{
  "model": "phmi.orgresponsibility",
  "pk": 74,
  "fields": {
    "function": 11,
    "index": 10,
    "name": "Mental health and learning disabilities",
    "additional_information": "Includes mental health services, psychological therapies and services for people with learning disabilities",
    "related_reading": "https://www.england.nhs.uk/wp-content/uploads/2012/07/fs-ccg-respon.pdf",
    "lawful_bases": []
  }
},
{
  "model": "phmi.orgresponsibility",
  "pk": 75,
  "fields": {
    "function": 11,
    "index": 11,
    "name": "Specialised and highly specialised services",
    "additional_information": "NHS England is responsible for commissioning \u00a315.6 billion of specialised services to meet a wide range of health and care needs. These include a range of services from renal dialysis and secure inpatient mental health services, through to treatments for rare cancers and life threatening genetic disorders. The commissioning of specialised services is a prescribed direct commissioning responsibility of NHS England.",
    "related_reading": "https://www.england.nhs.uk/commissioning/spec-services/",
    "lawful_bases": []
  }
},
{
  "model": "phmi.orgresponsibility",
  "pk": 76,
  "fields": {
    "function": 11,
    "index": 12,
    "name": "Primary care",
    "additional_information": "NHS England is responsible for commissioning primary care services, including primary medical care, pharmaceutical services, ophthalmic services and dental services.",
    "related_reading": "https://www.england.nhs.uk/commissioning/primary-care-comm/",
    "lawful_bases": []
  }
},
{
  "model": "phmi.orgresponsibility",
  "pk": 77,
  "fields": {
    "function": 11,
    "index": 13,
    "name": "Public health s7a",
    "additional_information": "The NHS has a critical part to play in securing good population health. The public health functions agreement (S7A) is an annual agreement between the Secretary of State for Health and NHS England. These services include services from pregnancy to age 5, immunisations and national screening.",
    "related_reading": "https://www.england.nhs.uk/commissioning/pub-hlth-res/",
    "lawful_bases": []
  }
},
{
  "model": "phmi.orgresponsibility",
  "pk": 78,
  "fields": {
    "function": 11,
    "index": 14,
    "name": "Health and justice",
    "additional_information": "Section 15 of the Health and Social Care Act 2012 gave the Secretary of State the power to require NHS England to commission services or facilities for persons who are detained in a prison or in other accommodation of a prescribed description. This responsibility also includes commissioning Sexual Assault Referral services.",
    "related_reading": "https://www.england.nhs.uk/commissioning/health-just/",
    "lawful_bases": []
  }
},
{
  "model": "phmi.orgresponsibility",
  "pk": 79,
  "fields": {
    "function": 11,
    "index": 15,
    "name": "Armed forces",
    "additional_information": "Section 15 of the Health and Social Care Act 2012, gives the Secretary of State the power to require NHS England to commission services or facilities for members of the Armed Forces or their families.",
    "related_reading": "https://www.england.nhs.uk/commissioning/armed-forces/",
    "lawful_bases": []
  }
},
{
  "model": "phmi.orgresponsibility",
  "pk": 80,
  "fields": {
    "function": 11,
    "index": 16,
    "name": "Secondary dental",
    "additional_information": "NHS England is responsible for commissioning secondary dental services.",
    "related_reading": "https://www.england.nhs.uk/wp-content/uploads/2013/02/commissioning-dental.pdf",
    "lawful_bases": []
  }
},
{
  "model": "phmi.orgtype",
  "pk": 1,
  "fields": {
    "name": "NHS England",
    "slug": "nhs-england",
    "index": 0
  }
},
{
  "model": "phmi.orgtype",
  "pk": 2,
  "fields": {
    "name": "CCG",
    "slug": "ccg",
    "index": 0
  }
},
{
  "model": "phmi.orgtype",
  "pk": 3,
  "fields": {
    "name": "Local Authority (Public Health)",
    "slug": "local-authority-public-health",
    "index": 0
  }
},
{
  "model": "phmi.orgtype",
  "pk": 4,
  "fields": {
    "name": "Local Authority (Non-Public Health)",
    "slug": "local-authority-non-public-health",
    "index": 0
  }
},
{
  "model": "phmi.orgtype",
  "pk": 5,
  "fields": {
    "name": "NHS Provider",
    "slug": "nhs-provider",
    "index": 0
  }
},
{
  "model": "phmi.orgtype",
  "pk": 6,
  "fields": {
    "name": "Non-NHS Provider (inc. Charities)",
    "slug": "non-nhs-provider-inc-charities",
    "index": 0
  }
},
{
  "model": "phmi.output",
  "pk": 1,
  "fields": {
    "type": 1,
    "name": "Tabulation",
    "description": "A data table is a simple output of raw data, often to be consumed for a downstream purpose.\n\nFor this description to apply, the data table(s) must only contain data that has been aggregated and is fully anonymised in line with the ICO's Anonymisation Code of Practice."
  }
},
{
  "model": "phmi.output",
  "pk": 2,
  "fields": {
    "type": 1,
    "name": "Visualisation",
    "description": "Data visualisation helps users, often non-analytical, to understand data and evidence. A primary goal of data visualization is to communicate information clearly and efficiently to users via the statistical graphics, plots, information graphics, tables, and charts selected. Visualisations, in this context, also include dashboards as visualisation tools that display the current status of metrics and key performance indicators (KPIs)."
  }
},
{
  "model": "phmi.output",
  "pk": 3,
  "fields": {
    "type": 1,
    "name": "Report",
    "description": "A report is a written account of something that has been undertaken, observed or investigated. Reports can take a variety of forms (paper, presentation etc.) and be produced for a wide range of audiences (publication, management, Board reports etc.). They will usually contain summary information and conclusions and should not contain raw patient-level data.\n\nRoutine reports are produced at agreed regular intervals to provide ongoing assurance to customers, management and stakeholders about the performance of outcomes, projects and business functions."
  }
},
{
  "model": "phmi.output",
  "pk": 4,
  "fields": {
    "type": 2,
    "name": "Tabulation",
    "description": "A data table is a simple output of raw data, often to be consumed for a downstream purpose.\n\nFor this description to apply, the data table(s) will contain at least one data record that refers to a single individual, however all identifiable attributes have been effectively de-identified in line with the ICO's Anonymisation Code of Practice."
  }
},
{
  "model": "phmi.output",
  "pk": 5,
  "fields": {
    "type": 3,
    "name": "Tabulation",
    "description": "A data table is a simple output of raw data, often to be consumed for a downstream purpose.\n\nFor this description to apply, the data table(s) will contain at least one data record that refers to a single individual where one or more identifiable attributes remain in the data in raw form."
  }
},
{
  "model": "phmi.outputtype",
  "pk": 1,
  "fields": {
    "name": "AGGREGATE OUTPUT"
  }
},
{
  "model": "phmi.outputtype",
  "pk": 2,
  "fields": {
    "name": "PATIENT-LEVEL DE-IDENTIFIED OUTPUT"
  }
},
{
  "model": "phmi.outputtype",
  "pk": 3,
  "fields": {
    "name": "PATIENT-LEVEL IDENTIFIABLE OUTPUT"
  }
},
{
  "model": "phmi.service",
  "pk": 1,
  "fields": {
    "name": "Acute and urgent care",
    "slug": "acute-and-urgent-care"
  }
},
{
  "model": "phmi.service",
  "pk": 2,
  "fields": {
    "name": "Specialised services",
    "slug": "specialised-services"
  }
},
{
  "model": "phmi.service",
  "pk": 3,
  "fields": {
    "name": "Community and out of hospital care",
    "slug": "community-and-out-of-hospital-care"
  }
},
{
  "model": "phmi.service",
  "pk": 4,
  "fields": {
    "name": "Mental health and learning disabilities",
    "slug": "mental-health-and-learning-disabilities"
  }
},
{
  "model": "phmi.service",
  "pk": 5,
  "fields": {
    "name": "Primary care",
    "slug": "primary-care"
  }
},
{
  "model": "phmi.service",
  "pk": 6,
  "fields": {
    "name": "Public health",
    "slug": "public-health"
  }
},
{
  "model": "phmi.service",
  "pk": 7,
  "fields": {
    "name": "Social care",
    "slug": "social-care"
  }
}
]
